TSNR,FALLNR,LZRNR,LZRDAT,BETRNR,ANONYM1,ANONYM2,BETBEG,BETEND,GESCHL,ALTER,NATION,INFORM,GESRAHM,FAMSTA,PARBEG,ALLEIN,KINDER,KINALTE1,KINALTE2,KINALTE3,KINALTE4,KINALTE5,KINALTE6,KINALTE7,KINALTE8,MIGRATION,AUFENT,RELIGION,SCHWANGER,SWOCHBEG,AUSGANG,VERTRGEB0,VERTRGEB1,VERTRGEB2,VERTRGEB3,BERAUS,ERWKLBEG,BESKLBEG,EKSKLB01,EKSKLB02,EKSKLB03,EKSKLB04,EKSKLB05,EKSKLB06,EKSKLB07,EKSKLB08,EKSKLB09,EKSKLB10,EKSKLB11,EKSKLB12,EKSKLB13,EKSKLB14,EKSKLB15,EKSKLB16,EKSKLB17,EKSKLB18,EKSPAB01,EKSPAB02,EKSPAB03,EKSPAB04,EKSPAB05,EKSPAB06,EKSPAB07,EKSPAB08,EKSPAB09,EKSPAB10,EKSPAB11,EKSPAB12,EKSPAB13,EKSPAB14,EKSPAB15,EKSPAB16,EKSPAB17,EKSPAB18,PROGEN01,PROGEN02,PROGEN03,PROGEN04,PROGEN05,PROGEN06,PROGEN07,PROGEN08,PROGEN09,PROGEN10,PROGEN11,PROGEN12,PROGEN13,PROGEN14,PROGEN15,PROGEN16,PROGEN17,PROGEN18,PROGEN19,PROGEN20,PROGEN21,PROGEN22,PROGEN23,PROGEN24,PROGEN25,PROGEN26,PROGEN27,PROGEN28,PROGEN29,PROGEN30,PROGEN31,PROGEN32,PROGEN33,PROGEN34,PROGEN35,PROGEN36,PROGEN37,PROGEN38,PROGEN39,PROGEN40,PROGEN41,PROGEN42,PROGEN43,PROGEN44,BERFOR01,BERFOR02,BEFOR03,BEFOR04,HILFE01,HILFE02,HILFE03,HILFE04,HILFE05,HILFE06,HILFE07,HILFE08,HILFE09,ANTRAG1,ANTRAG2,ANTRAG3,ANTRAG4,ANTRAG5,ANTRAG6,ANTRJAHR1,ANTRJAHR2,ANTRJAHR3,ANTRJAHR4,ANTRJAHR5,ANTRJAHR6,KOOP01,KOOP02,KOOP03,KOOP04,KOOP05,KOOP06,KOOP07,KOOP08,KOOP09,KOOP10,KOOP11,KOOP12,KOOP13,KOOP14,KOOP15,KOOP16,KOOP17,KOOP18,KOOP19,KOOP20,KOOP21,KOOP22,KOOP23,KOOP24,KOOP25,KOOP26,KOOP27,KOOP28,WEITER01,WEITER02,WEITER03,WEITER04,WEITER05,WEITER06,WEITER07,WEITER08,WEITER09,WEITER10,WEITER11,WEITER12,WEITER13,WEITER14,WEITER15,WEITER16,WEITER17,WEITER18,WEITER19,WEITER20,WEITER21,WEITER22,WEITER23,WEITER24,WEITER25,WEITER26,WEITER27,WEITER28,KONTALLE,BETDAU
51,60584,1,16.05.2024,87,0,0,26.09.2024,10.01.2024,2,23,3,5,4,6,1,2,9,31,32,2,18,21,63,72,10,0,0,2,2,35,1,False,0,True,0,1,0,2,1,2,1,0,1,2,2,1,1,2,0,1,1,2,1,2,0,2,1,2,1,0,0,0,1,0,0,0,0,2,1,0,0,1,1,1,1980,1960,1979,2019,1966,1997,1991,1971,1990,2001,1980,1973,2024,1955,1999,2013,2016,1985,1987,1982,1958,1958,1981,2019,1987,1997,1953,1974,1986,1995,1968,1957,2015,2002,2022,2009,1971,1994,2011,2014,2007,1983,1964,1969,2002,2006,1954,1967,2008,1983,1964,1991,2016,1989,1956,1995,1961,4,0,4,0,4,2,1996,2015,2008,1997,1961,1976,2018,1965,2002,2008,2012,1983,2010,2006,1998,2006,1976,1963,1991,1985,1991,2018,2011,2022,1971,1959,1998,1960,2021,1963,1952,1989,2021,1995,1952,1963,1998,2004,1985,1989,1974,1979,2020,2015,1977,1991,2003,1963,1957,1985,2013,2006,2020,1974,2003,1964,2000,2001,1997,2017,1954,1964,235,2064
51,85606,1,21.12.2023,87,0,2,24.11.2023,25.02.2024,2,1,2,2,5,0,1,1,6,64,42,74,15,85,82,18,97,2,0,0,2,7,1,False,1,True,0,1,9,4,1,0,2,2,1,0,1,2,1,1,1,1,1,0,1,2,0,0,0,1,0,0,1,2,0,0,1,0,2,2,1,0,1,2,2,1,2011,2023,2016,2004,1985,2016,1952,1989,2015,1963,2001,1976,2024,1954,1992,1976,2006,1971,2009,2004,1957,1995,1954,2024,1965,1987,1969,2022,2000,1983,2003,2016,1963,2006,2012,1998,1968,1960,1957,1970,2018,2005,2021,2014,1983,1999,1982,1954,1987,2012,2023,1987,1978,1988,1982,1999,1966,2,4,1,3,0,3,1978,2023,1982,1972,1980,2010,1987,1965,1970,1976,1996,2020,2009,1979,2012,1977,1977,1976,1987,2020,2005,1955,1972,2018,1950,1955,2009,1982,1972,1983,2024,1993,1981,1995,1965,1965,1970,1995,1989,2018,1975,1974,1956,1983,1967,1969,2003,1979,1995,2009,1982,1962,1998,1979,1981,1962,2014,2022,1998,2003,1993,2004,436,899
51,43144,1,06.05.2023,87,1,1,04.10.2024,05.03.2024,3,30,7,2,4,6,2,1,19,63,78,78,89,10,78,53,19,1,2,4,1,2,5,False,0,False,3,2,5,2,0,2,2,2,2,2,0,0,2,0,0,2,2,1,2,0,2,2,0,2,2,2,2,1,0,1,1,2,2,1,1,1,1,2,0,2,1999,1950,2007,1978,2012,2019,1956,1967,1986,1969,1953,1998,1951,1994,2014,2005,1999,2009,2009,1957,2015,1997,1963,1981,2015,2024,1981,2019,2016,1972,1986,1980,1963,2010,1979,2009,1973,1983,2024,1962,1974,1963,1965,1963,1998,2011,1995,1972,2013,1955,2023,1968,2023,1965,1988,1965,1975,3,2,1,1,1,2,2007,1981,2008,2003,2023,2007,2001,1989,1978,2002,1996,1950,1990,1978,2017,2018,1963,1976,1990,1965,1992,1967,2005,1960,1972,1986,1971,1974,1997,1953,1969,2020,1958,1957,2008,1956,2017,1997,1981,2010,1974,1972,2019,1988,1960,1950,1986,1952,1979,1992,2023,2002,2016,1978,1999,1984,1973,1972,2004,1956,1975,2006,987,4145
51,7380,1,16.11.2024,87,2,1,09.01.2023,12.05.2024,1,88,4,2,4,6,0,2,16,41,78,73,64,3,2,20,9,2,2,0,1,21,3,False,0,False,1,0,3,3,2,1,2,0,0,1,0,1,1,1,2,1,1,2,2,2,2,0,2,0,0,1,0,2,0,2,2,0,2,1,2,1,0,0,1,0,1950,1985,1972,1963,2007,1962,2002,2024,2021,1961,2014,2003,2016,2012,1991,1967,2017,1950,1951,1978,2016,1986,1982,1985,1986,1956,1973,1975,2019,2014,1981,1959,2023,1953,1986,2014,1959,2014,2017,1979,2017,1975,2023,1978,1968,2005,1980,1952,2009,1977,1999,1962,2014,1956,1986,1974,1975,3,4,3,0,1,4,1979,2008,1983,1959,1957,1954,1953,1984,1992,1982,2024,2013,2019,1973,2019,2010,1993,1985,1996,2001,1985,1984,2003,2005,1999,1975,2002,1977,2012,1981,1974,1989,1988,1984,2003,2021,2014,2003,1964,2023,2023,2002,1985,2021,1984,1977,1977,1968,1952,1953,1955,1983,1950,1982,2023,1996,1952,1996,1969,2023,1994,1971,62,699
51,10477,1,21.10.2023,87,2,1,13.09.2024,13.05.2023,2,28,7,12,1,5,1,0,14,0,48,73,67,19,32,20,68,0,2,1,0,27,3,True,2,True,3,1,6,3,2,1,1,0,2,2,2,1,2,2,0,2,2,1,1,0,1,2,0,1,2,0,1,1,0,1,2,0,1,0,2,2,0,1,0,0,2017,1979,1998,2007,1957,2011,1955,1981,2019,1999,2000,1955,1989,2023,1959,2003,1993,1965,2016,1957,2021,2005,2013,2014,1955,1980,1953,1976,1989,2020,1965,2015,2013,2010,2003,1952,1955,2010,2016,1977,1990,1977,1954,2014,1977,1969,1970,1984,1974,2024,1952,1974,1968,1957,1963,1987,1969,3,3,0,4,3,3,1962,1982,1977,1968,1985,1995,1983,1972,1951,2009,1982,1971,1956,1968,2021,1955,2017,1970,1985,1991,1993,2009,1989,2013,2002,2013,1989,2011,1955,2014,1990,2019,1959,1958,2016,2011,1985,1975,1961,1982,1984,1959,1991,1952,2002,1974,1990,1980,1974,2024,1991,1979,1952,1967,1980,1977,1966,1963,1971,1971,1978,1959,9,4483
51,28778,1,27.08.2024,87,0,2,09.09.2023,01.09.2024,1,7,3,12,5,1,1,0,10,63,13,72,2,78,31,12,56,1,1,4,0,19,3,True,2,False,1,1,6,6,2,0,2,2,1,1,1,1,2,0,2,0,1,0,2,0,1,2,2,1,1,1,2,2,0,0,2,1,0,1,1,1,2,2,0,0,1950,1952,1986,2018,1961,2019,1959,2004,1950,1964,1977,1975,2023,2000,1979,2017,2000,1995,1981,2024,1950,1976,2024,1976,1960,1957,2015,1954,1972,1992,1975,1965,2018,2012,1992,2016,1956,2016,2017,2011,1981,1991,2021,1982,1971,1976,1972,1971,1972,1959,2010,1986,1973,2020,2017,1985,1966,2,2,4,4,4,0,2003,2021,1966,2012,2015,1973,1955,1964,2021,2014,2022,2023,1961,2008,1978,1957,2009,2001,1967,1972,2006,1982,1980,2008,2024,1968,1976,1966,2015,1981,1994,1997,1975,1998,2016,1979,1959,2021,1960,1964,1995,1950,2024,1956,2002,1957,1991,2013,1975,1952,1977,1952,1954,1980,1992,2018,2001,1972,1984,2000,1989,1951,983,9535
51,68758,1,22.09.2024,87,2,2,21.08.2024,18.04.2024,1,80,2,3,6,6,0,2,16,31,84,96,78,10,39,81,46,2,5,4,2,36,4,True,1,False,4,3,3,3,0,2,2,1,2,0,0,0,2,1,1,2,1,0,1,2,2,2,2,1,0,2,2,2,0,1,2,2,0,1,2,0,2,2,0,2,1981,1969,2004,1990,1967,1971,2022,1966,1951,2020,1956,1994,2001,1998,2005,2003,1979,1980,1950,2001,2022,2006,2006,1977,1964,1960,1960,2023,1989,1954,2013,2012,1989,1952,1982,2005,2017,1992,1960,2009,1978,1955,1988,1961,2022,1973,1982,1955,1951,1964,1998,1999,1978,1988,2015,2016,2020,0,2,2,1,0,0,2015,2008,2019,1976,1999,1995,1973,1958,1986,1970,1987,1968,1999,2019,1977,1955,2011,2022,1979,2007,2023,1991,1965,1982,2011,1958,2019,1996,1978,2024,2020,2021,1954,2003,1988,1958,2012,2014,2012,1985,1956,1956,2013,1992,1988,2010,2021,2011,2012,1953,1980,1970,1999,2002,1997,1990,1996,2016,1974,2001,1991,1997,111,9458
51,91214,1,02.12.2023,87,0,2,03.11.2023,18.09.2023,0,19,5,7,1,1,1,2,5,78,6,95,27,71,42,9,53,1,0,3,1,23,0,True,0,True,0,3,0,6,1,0,0,0,2,0,0,2,0,2,0,2,0,1,1,2,1,1,0,0,2,2,2,0,0,2,0,2,2,0,0,0,1,2,1,2,1998,2002,1957,1955,1961,2008,1983,2022,1966,1974,1980,1992,2022,1986,1955,1986,1952,1982,2022,1963,2008,2016,2009,1998,1954,2018,2005,1995,2012,1954,1965,2001,2007,2004,1992,2024,1973,2008,1980,1997,1963,1981,2010,1983,2020,2005,1980,1953,2017,1950,2015,2018,2003,2022,2009,1998,1972,3,0,2,0,0,3,2001,1971,1980,1987,2009,2024,1983,1967,2008,1977,1957,1985,1966,2018,1978,1991,1996,2003,1963,1951,2011,1990,2007,2004,1980,1978,1991,1978,1975,2000,2013,1978,1978,1975,1973,1983,1987,2017,1970,1969,1994,1977,1973,1970,1965,1976,1955,2012,1995,1955,1992,2023,1985,2008,1970,1995,1958,1977,1951,1950,1966,2019,556,5213
51,25707,1,17.02.2023,87,0,2,12.07.2024,26.08.2024,0,82,6,8,6,5,2,0,3,88,54,78,26,53,47,24,67,0,4,3,0,10,4,False,1,False,0,2,3,1,0,0,2,0,1,2,1,2,0,0,0,2,0,0,2,0,2,1,1,1,1,2,2,2,0,0,0,0,2,2,1,0,2,2,2,2,1996,1966,2013,1951,1997,1950,1970,1993,1983,1983,2004,1979,1999,1987,1978,2015,1956,1991,1974,1984,2014,2002,1995,1957,2011,1953,2005,2012,2014,1953,1990,1952,1987,1991,1964,1997,1961,2012,1975,1976,1971,2016,1994,1984,1979,1959,1958,1964,2018,1993,1977,1966,2008,1991,1999,2015,1958,1,4,0,0,3,1,1975,1989,2008,1964,2004,2016,1956,1981,2000,1989,1996,1963,1953,1957,2021,2018,1982,2015,1994,2001,1975,1993,2024,1985,1951,1998,1999,1950,1977,2013,1957,1986,2006,1979,1956,2019,1951,2008,1987,2005,1955,1965,2008,2008,2020,1990,1998,1953,1960,1970,2024,1992,1959,1951,1986,2011,1955,1966,1958,1970,1958,1975,885,6962
51,49808,1,23.11.2024,87,2,2,08.08.2024,20.10.2023,1,3,5,9,2,0,1,1,15,31,14,79,29,71,90,16,5,0,6,4,0,4,4,False,2,False,0,0,6,3,0,0,1,1,2,2,1,0,0,1,1,2,2,1,0,2,0,1,1,1,1,2,0,0,2,2,1,1,0,0,0,2,0,1,1,0,1997,1967,1987,2023,1966,1968,2021,2019,2006,1954,1983,2010,1990,2016,2003,1950,1990,1990,1969,2021,1953,2018,2002,1977,1994,2022,1986,1955,1975,2019,2002,1996,2017,2008,1952,1985,1981,2018,1958,1982,2015,1975,2008,2023,1955,2018,1985,1992,1987,2013,1959,1970,1962,1963,1956,1985,2024,1,3,0,4,4,0,1966,1955,2011,2007,1951,2019,2005,2019,1972,1954,1988,1955,1976,2004,1958,1981,2006,2017,1961,1974,1979,2012,1951,1965,1983,1966,2000,1961,1996,1987,1951,1997,1979,1963,1961,1981,2015,2020,1986,1981,1964,2001,1962,1964,2017,1981,2003,1989,1964,1984,1999,2012,2013,1956,2005,2012,1971,2017,2000,2015,2014,1976,304,381
51,53328,1,22.09.2024,87,2,2,22.04.2024,12.11.2023,2,95,3,5,6,5,2,2,12,16,30,25,1,53,24,97,70,1,3,3,2,15,0,False,0,True,1,1,4,0,0,2,2,0,0,1,1,1,0,1,2,0,1,1,1,2,1,1,1,1,0,0,1,1,2,2,1,1,0,2,2,0,2,1,0,1,1963,2000,1970,1998,2016,1984,2009,1983,1976,1969,2009,1980,1969,1974,2021,2007,1954,2016,1975,1973,1974,1982,1995,1976,2023,1951,1989,2021,1963,1999,2017,1999,1980,1951,1991,1960,1978,1967,2005,1967,1974,2001,1980,2018,1998,1950,1950,2013,1990,1964,1962,1962,2018,2015,1993,2015,1993,3,3,3,0,3,0,2003,2007,1960,1986,2018,2009,1969,2000,1998,2015,1955,1951,1980,2009,1992,1994,2017,1962,2005,2004,1959,2005,1968,1979,1992,1960,1965,1969,1964,1967,1969,1988,1973,1992,2003,1990,2007,1973,2022,1951,2019,1960,2018,1994,1950,1996,1990,1952,1994,1986,2017,1981,1955,1976,1954,2012,1964,1977,1969,1995,1971,2016,440,2179
51,81226,1,16.01.2024,87,2,0,19.05.2023,15.05.2023,2,49,0,7,4,1,2,0,9,5,40,49,79,22,61,60,6,2,5,0,1,10,2,False,2,False,4,3,2,3,0,1,1,0,1,0,0,0,2,0,0,1,2,0,1,2,1,2,2,1,1,0,2,1,0,1,2,1,0,1,0,1,0,0,1,1,2023,1997,2008,1987,2020,1968,1970,2003,2017,1991,2006,2021,1987,2021,2017,2024,1953,2003,1956,1984,2020,1986,1967,1952,1996,2012,2013,2005,1971,2000,1974,1977,2012,1988,1973,1997,2015,2006,1974,1992,2020,2011,1954,2015,2006,1957,1960,1968,1995,1992,1994,1983,2019,1978,1953,1954,1972,0,2,4,2,4,2,1984,1955,2004,2015,1957,2013,2012,1987,2024,2007,1992,1964,1967,2020,1960,1995,2002,1952,2015,1992,1979,1964,1956,1974,2001,1980,2024,1964,2006,1983,1980,2009,1983,2007,1985,2016,2020,1998,1958,1989,1985,1986,2016,2022,1950,2013,1979,1971,1986,1977,1979,2017,1958,1956,1986,1990,1962,1988,1975,1966,2015,1959,795,6718
51,88898,1,07.01.2023,87,0,0,14.04.2023,04.01.2024,0,66,0,10,0,5,2,2,15,7,58,34,91,38,85,1,38,2,0,0,2,18,5,False,1,True,3,2,6,4,1,2,0,0,0,0,0,0,1,2,1,2,0,0,1,1,2,1,2,1,0,0,0,0,1,2,2,2,2,0,1,1,2,2,0,1,2004,1968,1971,1959,2009,2021,1968,1959,1994,1999,1980,2001,2009,1958,1991,2007,1976,2000,1982,2018,2005,1995,1966,2023,1956,1978,1950,2005,1992,1975,1979,1970,1972,2012,1979,1980,1996,1955,2008,1991,2012,2003,2005,2023,1953,2015,1988,2005,1957,2021,1975,1981,2016,1978,2012,1969,1982,0,1,4,4,1,3,1953,2007,1950,1975,1957,2013,2011,1974,2004,1991,2023,1996,2009,1967,2013,1955,1980,2014,1969,1965,1973,2000,1973,2023,1957,1978,1955,1958,1982,1981,2023,1965,1964,1965,2023,2004,1994,1999,1987,2015,2013,1992,1979,1988,1961,1954,1982,2021,1999,2017,2021,1964,1967,1985,1976,1992,1950,1959,1999,1996,2022,1999,938,2077
51,40205,1,15.03.2023,87,2,1,20.10.2023,25.08.2024,2,60,7,8,1,3,0,0,0,45,19,22,81,29,54,68,84,0,5,5,0,42,2,False,0,False,5,0,6,1,1,0,0,2,0,1,0,0,0,2,1,1,0,1,2,1,0,0,2,1,2,0,0,1,2,0,1,1,1,1,0,1,0,0,2,2,2019,2016,1995,2005,1974,2017,1958,2011,1975,1995,1998,1966,1984,1999,2010,1999,2020,1982,2003,1964,1956,1994,1969,2023,1963,1975,1965,1957,2005,2006,1971,1991,1999,1987,1997,1973,2010,1980,1980,1978,2011,1974,1950,1968,2008,1982,2013,1981,2022,2012,2021,1958,2017,1966,1983,2016,1986,4,4,3,0,1,2,2024,1950,1994,2018,1959,1970,1962,1962,1986,1998,1954,1975,1985,2002,2017,1992,1962,1994,2024,1957,1971,2014,1977,1964,2000,1977,2016,1989,1995,1997,1992,1955,1988,1958,2015,2020,1995,2006,2024,1955,1974,1995,2007,1990,2004,2008,2015,1989,1973,1954,1961,2019,1989,1998,2017,1953,1962,1964,2014,2010,2010,2003,655,9324
51,74728,1,29.05.2024,87,0,1,20.04.2023,19.10.2023,2,8,1,9,6,4,0,0,10,68,51,4,29,94,6,69,16,2,1,5,2,11,0,True,0,True,5,0,5,2,0,0,0,0,1,1,2,2,2,0,2,2,0,1,2,2,2,1,0,2,1,2,1,0,0,2,1,0,2,0,1,1,0,1,2,2,1964,1954,2018,2020,1972,2003,1965,1966,1983,2021,2006,1959,1993,1954,1968,1966,1985,1951,2024,2009,2010,1956,2009,1978,1953,1981,2002,2019,1981,1959,1979,2000,1967,2016,2013,1985,1983,1983,1976,1951,1971,1971,1957,2015,2000,1953,1954,1972,2012,1959,1985,1979,1960,2002,2019,1966,1990,1,4,0,2,1,3,1969,1972,1992,1987,2011,1987,2004,1950,1996,2024,1954,1973,1988,2018,1966,1958,1970,1964,2001,1992,1988,2024,1999,2006,2013,1996,2009,2002,1952,2024,2020,1950,2017,1992,1962,2007,2011,1969,1959,2000,1976,1977,1983,2018,1987,1958,1966,1961,1976,2018,1985,2003,1954,1969,2006,1990,1952,1990,2006,1970,1999,2019,51,5250
51,44110,1,13.04.2023,87,0,2,02.08.2024,23.01.2024,1,53,1,5,4,1,2,2,4,59,14,12,92,97,20,28,74,1,5,2,2,22,0,False,0,True,3,2,4,3,2,2,1,0,2,2,0,0,1,0,1,0,2,0,1,2,2,0,1,1,1,2,1,1,1,1,0,1,2,2,2,1,1,0,2,1,1960,2004,1966,2022,1996,2023,1975,2009,1957,1963,1972,2010,2023,1989,1985,1994,2011,1976,1961,1993,2011,2022,2014,2002,2015,2020,1974,1998,2024,1993,2021,2024,2019,1961,1979,2012,2021,1987,1985,2006,1977,1972,1960,1993,1974,1994,2018,2003,1993,2020,1956,1990,2006,1978,1975,1953,1981,0,4,1,3,3,2,1952,1982,1970,1956,1959,2014,1983,2013,1983,1968,1971,1960,2015,2010,1968,1988,1970,2013,2014,1982,2017,1983,1979,1963,1985,1991,1991,1981,2019,2023,1952,1974,1974,1976,1996,1968,1993,1988,2018,1951,1979,1962,1979,2010,1993,1961,2015,1983,1953,2017,2009,1971,1972,2008,1999,2007,1976,1977,1975,2007,2011,2011,481,9773
51,59714,1,26.11.2024,87,1,0,01.10.2024,29.09.2024,2,49,5,9,6,1,1,2,4,80,53,43,64,37,76,10,91,0,4,3,1,6,5,False,0,True,4,0,9,5,1,0,2,1,0,2,1,1,1,1,2,1,0,2,1,2,1,2,1,1,1,0,0,0,0,0,2,1,0,1,0,2,2,2,0,1,1991,1961,2020,2007,2007,2015,1973,1978,1997,2014,1960,1952,2017,1959,1997,2002,1993,2010,1984,2015,2023,2015,1965,1991,1972,1984,1955,2011,2005,2007,1981,2019,1968,1988,2013,1998,1954,2001,2012,1966,1982,1994,1981,1985,1959,1992,2000,1971,1982,1970,1969,1968,1956,1991,1985,1975,2002,3,1,4,4,4,4,1958,2020,1963,2015,1958,1952,1965,2003,2000,2024,1994,1973,1963,1981,1952,1978,2010,2020,1951,2006,1968,1987,2015,1973,1993,1989,1961,1962,1959,1953,1999,2014,1954,2021,1977,1963,1979,1980,1954,2021,1953,1951,1954,2002,1979,1967,1969,2017,1970,1970,1960,1992,2010,2009,2024,1983,2010,1959,1955,2012,1953,1971,647,1973
51,39133,1,04.04.2024,87,0,2,25.04.2024,12.09.2023,0,59,3,9,4,4,2,1,9,7,72,32,35,90,60,61,25,0,2,2,1,9,4,False,1,False,0,3,0,4,1,0,1,2,2,2,1,2,1,2,2,2,2,2,0,1,1,2,1,0,1,2,0,2,2,2,1,0,0,0,2,0,0,2,0,0,2003,1976,2010,1981,1980,2006,2000,1968,2009,1951,1960,1965,1954,1959,1972,1992,1968,1997,1964,1991,2021,2004,2004,2001,2009,1952,2015,1991,1985,1967,2004,1955,1996,1965,1969,2023,1964,1986,1950,2006,1955,1986,2023,1963,1965,1977,2019,1979,1958,2008,2016,1989,1974,1995,1983,1963,1979,1,4,1,2,2,1,2022,2005,1956,1961,1973,1964,1977,1952,2021,1962,2003,1956,1978,2000,1994,1964,1996,1966,2005,2009,1985,1982,1990,2019,1982,2002,1994,1980,1993,1970,1962,1962,1999,2023,1952,2021,1984,1966,2003,1958,1976,2006,1993,1989,1980,1992,1959,2022,1988,1959,2004,1950,1997,2024,2007,1965,1964,1987,1997,1972,1978,2007,405,2130
51,30301,1,10.12.2023,87,1,1,09.03.2023,07.10.2023,0,10,1,4,2,1,1,2,4,29,4,51,29,3,63,87,24,2,6,5,0,44,0,True,0,True,1,0,5,1,1,0,1,2,1,2,2,0,1,2,2,1,1,0,2,1,0,2,2,0,1,1,0,2,2,2,0,1,2,1,2,0,1,0,0,0,1996,1965,2006,1978,1968,1966,1975,1993,1981,1977,1957,1953,1985,1957,1986,1972,1991,1966,1995,1954,1997,1952,1998,1999,2011,1999,1988,2023,1989,2024,1991,1987,2014,2003,1969,1993,2008,1958,2009,2009,2016,1956,1986,1952,2010,2016,1965,1960,1968,2021,1967,2006,2002,2022,1963,1974,2004,1,0,2,1,2,3,1976,1969,1971,1994,2008,1992,1973,1975,1972,2002,2018,1950,2013,1981,1980,1973,1958,2020,1996,1988,2009,2012,2001,2020,2023,2021,2001,1978,1950,1997,1962,2002,1989,1963,2018,2005,1950,1979,2023,2016,2006,1951,1950,1964,1962,1978,2014,1973,1978,1987,2011,1968,1951,1956,2023,2016,1981,2017,1985,1972,1950,1991,260,136
51,63783,1,24.06.2023,87,2,2,02.06.2023,10.10.2024,2,90,5,12,6,0,1,0,3,28,5,55,95,78,30,14,28,1,4,5,0,37,2,True,1,False,1,3,3,2,2,1,1,2,1,1,0,0,2,1,1,2,1,2,1,1,2,1,0,1,2,1,2,1,2,0,1,0,2,2,1,2,0,1,0,2,2011,1975,2013,1987,1951,1973,1971,1967,1965,2000,2019,1969,1979,2021,2008,1969,1996,2009,1976,2022,2014,1969,1998,1980,2017,1951,1999,1958,2018,1951,1950,2007,1966,1959,2017,1956,2012,1996,1966,1963,1956,1950,2016,1987,1984,1951,2021,1982,1981,2008,2005,2011,1951,1989,1985,2012,1999,2,4,1,0,1,0,1964,2005,1963,1956,1975,2009,2000,1989,1956,2001,1985,1986,1972,2003,1982,2003,1983,1962,2000,1987,2019,2021,1963,2024,2011,1977,1993,1961,2023,1972,2006,1974,1955,1976,2019,2021,1977,1973,1997,1990,1983,1950,1957,1956,1957,1963,1991,2014,1994,1980,1951,1999,1993,1965,2014,1988,1958,1993,1952,1966,1978,1977,196,2843
51,78811,1,30.07.2023,87,2,0,07.12.2023,15.10.2024,2,50,4,10,0,3,0,2,9,37,2,50,84,9,81,64,65,1,0,2,0,33,2,True,1,True,2,1,10,0,0,1,2,1,1,0,0,1,1,2,2,2,0,1,2,0,2,1,1,0,0,1,2,0,1,0,0,1,1,1,1,1,0,0,1,0,1967,1991,1993,1974,1963,1952,1994,1963,1956,1984,1978,1974,1964,1959,1999,1981,1988,2011,2010,1965,2024,1995,2005,2007,2005,1954,1978,1972,1999,2011,1972,1951,1952,1966,2002,2005,1998,1967,1983,1978,1974,2007,2021,1976,2019,1973,1978,1958,1989,1974,1972,1957,1965,1955,1959,2020,1986,1,3,0,1,1,0,2010,2017,1987,2017,1971,1984,2024,1981,1965,1991,1974,1998,2005,1978,2024,2010,1966,1951,1964,1963,1972,2022,1991,1988,1956,1958,1955,1971,1964,1959,2018,2015,1972,1961,1965,2000,1965,1960,1998,1969,1986,2006,1967,2015,2008,1985,2013,1962,2008,1964,1999,2018,2002,1955,1982,2006,1966,2001,2014,1956,1966,2011,444,1436
51,54406,1,30.09.2023,87,0,1,26.04.2023,20.10.2023,2,30,5,11,3,0,2,0,13,18,54,50,3,56,48,73,79,2,0,2,2,16,5,True,0,True,0,1,9,1,1,0,2,1,1,0,0,1,2,2,2,2,2,1,2,0,0,2,0,2,2,1,1,0,2,2,1,1,2,0,2,0,2,0,1,1,1973,1981,1979,2001,1978,1988,1984,1998,1974,1955,1964,2007,2005,1984,2015,1958,2016,2014,1952,1963,1953,2014,1960,1960,1988,2000,1975,1974,2009,1984,2024,2008,1975,2002,1963,1982,1971,1965,1985,1952,1977,2023,1989,1991,1995,1970,1975,1977,1988,2022,1957,1953,1962,1975,2021,1973,2002,0,1,2,0,1,2,1971,1997,1978,2008,1986,2000,1974,1995,1999,2010,1973,1964,1989,2017,2022,2010,2022,1968,1957,2000,2001,1959,1976,1986,1968,1953,2016,2019,2009,1950,1984,1965,2019,2004,2015,2005,1976,2009,2008,1981,2014,2004,1967,1986,1961,1958,2000,1994,2024,1983,2024,1958,2014,2021,1967,1981,1980,2008,1952,1954,1984,2020,421,926
51,66782,1,27.03.2023,87,2,0,02.04.2023,16.10.2023,1,20,3,7,2,3,2,2,12,62,34,17,14,28,2,48,37,1,2,4,1,7,1,True,0,False,4,0,0,5,1,0,0,0,2,2,1,2,1,1,1,0,1,0,0,0,1,0,1,2,1,1,2,1,0,1,0,2,1,0,0,1,2,0,2,2,1956,1979,1975,1961,2014,2004,1999,1960,2016,1992,1991,1988,1968,2005,1957,1956,1968,2015,1976,2020,1965,1961,1961,2001,1994,1999,2021,1967,1956,1970,1981,1970,1955,1977,1951,1995,1974,1985,1994,1954,2013,1953,1997,1961,1995,2009,1951,1955,2023,1984,2021,2017,2023,1994,1958,1996,1973,3,3,3,4,4,2,1962,1977,1963,1980,2022,1972,1987,2003,1969,1960,1976,1976,2003,1958,1991,2003,1965,1951,2023,1960,2016,1994,1989,1985,2023,1990,2013,1967,1958,1966,1979,1953,2000,2000,1979,1983,1986,2012,1964,1963,2013,2012,1964,1957,1956,1978,1956,2015,1959,1982,1987,1962,1975,1951,2002,1985,1978,2005,1975,2010,1981,1980,835,8568
51,73134,1,20.12.2024,87,0,2,08.05.2024,29.03.2024,2,57,2,9,1,6,1,2,6,40,37,37,8,20,50,95,18,2,1,3,0,1,5,False,0,False,0,2,10,4,0,1,2,2,2,0,1,2,1,1,2,0,2,2,2,2,0,2,1,0,1,1,2,1,2,2,2,1,2,2,0,0,0,1,1,0,1953,1954,1962,2017,1966,1998,1973,1962,1975,1962,2016,1960,2014,1979,1988,2010,1971,1958,1973,1957,1984,1951,1973,1994,1950,1967,1971,1996,1999,2003,1995,1999,1981,1981,1981,1977,2023,1955,2005,1961,2024,2015,1990,1997,2004,2004,1981,1965,2001,2017,2015,1964,2005,1995,1984,1981,1950,4,4,4,2,3,1,2009,2011,1999,1991,1969,1977,1990,2002,1972,1986,2010,1971,2001,2012,1985,2007,2024,1965,1961,1972,2009,1980,2010,2015,1981,1990,1951,1955,1987,1956,1988,2014,1999,2023,2013,2021,1980,1999,1961,1999,1987,1998,1993,1953,2022,2023,1955,1990,1980,1971,2006,1982,1950,2012,2005,1952,1999,1978,1968,1956,2024,1964,576,933
51,95063,1,14.10.2023,87,1,0,06.12.2023,14.05.2024,1,41,2,11,6,3,0,0,10,90,21,4,20,39,3,34,24,2,2,2,0,35,1,True,0,False,5,1,6,5,2,0,1,2,2,0,0,2,1,2,2,2,0,0,0,2,2,2,2,2,2,0,0,0,1,2,0,2,1,0,0,1,0,1,1,2,1951,2013,1971,1953,2019,1958,1963,2023,2024,1998,1961,2003,1979,1986,1999,1982,2006,2015,1984,1986,1957,1968,2023,2024,2021,1980,2000,2016,1952,1970,1967,1954,2024,1954,2024,2014,1960,1996,1985,2022,1975,2012,2014,2020,1989,1975,2021,1997,1964,2014,2020,1999,1966,1991,1969,1953,1958,3,1,4,0,4,0,2021,1994,1985,1992,1956,2021,1986,2007,1980,2007,1982,1992,2010,1998,1955,1979,1991,2012,1974,1983,2018,1952,1991,1990,2001,1951,1977,2013,1970,2024,2021,1997,2018,2007,1967,1952,1999,1956,1982,1954,1955,1984,1998,2016,1986,2005,1985,2019,1986,1972,1993,2011,1981,1975,2014,2012,2020,2019,1963,2010,1987,1994,957,8402
51,82436,1,30.07.2024,87,0,1,16.08.2023,26.07.2023,0,70,3,4,2,2,2,2,11,15,83,47,67,0,32,45,63,1,2,2,2,17,4,False,2,False,4,0,2,1,0,2,1,0,2,1,1,2,1,2,2,1,0,0,0,2,0,2,0,1,2,1,2,1,2,1,0,1,2,2,1,2,2,0,0,1,2023,2000,2008,2004,1990,1993,1970,2019,2012,1952,2018,1968,1968,2000,2009,1982,1953,1962,1966,1973,1971,1964,1967,2016,2024,1999,2010,1992,1982,1998,1962,1974,2013,1998,1977,1987,2005,1954,2021,1989,1988,1991,1982,1982,1995,1998,1954,2004,1965,2012,1990,1955,2017,1993,1961,2004,1951,3,1,1,1,3,1,1956,1978,1994,1983,1989,1953,1981,1986,1956,1998,2001,1966,1971,2005,1982,2018,1980,1953,2023,1965,1997,2022,2016,1987,1978,2022,1990,2012,2002,1979,2002,2005,1959,1973,1981,2016,1971,1971,1979,1990,1999,2012,2023,1953,1967,1984,2010,1957,2023,1988,1994,1956,1978,1983,1956,1950,2000,2010,2017,2013,1967,1966,819,7151
51,58268,1,29.02.2024,87,0,1,23.01.2023,05.06.2024,3,91,2,1,2,2,0,1,7,10,71,6,63,24,73,80,10,2,2,3,2,30,2,False,2,True,4,1,4,4,1,0,1,1,1,2,1,0,0,0,1,2,2,2,0,2,1,0,2,1,1,0,0,2,0,0,0,1,2,2,1,0,1,1,0,2,2004,1968,2004,1992,1990,1993,1975,2010,2022,1969,1975,1983,1981,1972,1992,1966,1999,1990,2012,1996,2013,1991,1985,2021,1958,1991,2015,2019,1980,1963,2012,1964,1961,2014,1962,1958,1989,1954,2015,1997,1956,2010,2021,2006,1989,2017,1950,2024,2002,2004,1986,1982,2024,2019,1960,2018,1968,2,0,3,4,1,3,1973,2001,1993,2015,1983,1969,1988,1969,2002,1982,1992,1977,1996,2012,2002,2021,1968,2019,1977,1951,1966,2008,2010,2018,1976,1968,1960,2010,1987,2010,2007,1995,2006,1987,1999,2011,2013,2013,1981,1969,1983,2004,2008,1984,1974,1992,1998,2004,2004,2020,2014,1995,1955,1967,1975,2000,1995,1965,1985,1962,1993,1963,766,6594
51,86711,1,10.05.2023,87,2,2,04.12.2024,03.12.2024,1,33,5,0,4,5,2,1,17,39,84,37,56,81,98,75,56,1,3,1,1,11,1,False,2,True,1,1,10,1,2,1,1,1,1,1,0,2,1,1,2,1,1,1,0,1,2,2,1,1,0,0,0,0,2,2,0,0,0,0,0,1,2,2,1,2,2006,2016,2014,2007,1980,2017,1951,1986,1985,2022,1980,2005,1988,2002,1952,2013,2018,1958,1979,1994,1988,1980,2007,2007,2000,1998,2009,1956,2012,1965,1963,2009,1997,2010,2012,2003,1984,1981,1998,2000,2010,2020,2023,1963,2006,1987,1991,1985,1961,2018,1967,1958,1990,1987,2014,1992,1978,4,4,3,2,1,3,1996,2023,1987,2019,2007,1976,2001,1954,1971,1986,1967,1993,2002,1958,1970,1993,1998,2005,1982,1952,1975,1977,1984,1994,1989,1983,1985,1970,1990,2018,1992,1967,1971,1984,2009,1990,1974,2010,2009,1966,1971,1985,1968,2021,2018,2009,2004,1997,1994,2022,1961,1979,1963,1954,1981,2016,2001,2007,1974,1977,1965,1964,634,473
51,57368,1,30.05.2024,87,1,0,04.04.2024,14.09.2023,1,54,4,3,6,0,0,1,0,34,5,16,78,60,34,9,3,2,2,4,1,21,5,True,0,False,4,0,10,4,0,0,2,2,1,0,2,2,0,1,1,0,2,1,1,2,1,1,1,2,0,2,2,1,1,0,0,0,2,0,1,0,0,2,2,1,1959,2022,1972,1955,1975,1994,1962,1998,1981,1959,1975,1997,1958,2006,1992,1977,1951,1969,2000,2008,1988,1989,1975,1999,2016,1956,1974,1965,2008,2021,2002,2014,1976,1985,1992,1950,2024,1978,2005,2004,1952,2023,1950,1986,1963,2002,1983,1951,2004,1951,2020,2012,1981,1994,1965,1953,1999,1,2,4,3,0,4,1988,1966,1971,2003,2013,1984,2021,1969,1975,2012,1965,2022,2011,1966,1964,2020,1961,1991,2022,1954,2022,1968,2006,1953,2007,1951,2009,2019,1952,2002,2010,1989,1962,1970,1965,1958,1963,1990,2006,1956,1986,1974,2014,1995,1961,2013,1986,2013,1998,1979,1986,1980,1953,2016,2008,1988,1953,1973,1973,2003,1975,1975,19,5707
51,14313,1,20.09.2023,87,0,1,15.11.2024,13.08.2023,3,13,0,11,6,5,1,2,4,9,17,87,79,31,56,71,86,2,5,5,1,3,4,True,0,False,1,1,7,4,0,1,0,1,1,2,2,1,1,2,0,1,2,2,2,1,0,2,2,0,0,1,2,2,1,1,1,2,1,0,0,0,0,1,0,0,2020,1964,2007,1957,1966,1974,1975,2009,1962,1998,1991,2000,2010,1981,2014,1999,2014,2011,2013,1952,2023,2000,1961,2004,1991,1959,2022,1951,1971,1980,2017,2008,2019,2017,2008,1986,2013,1988,2009,2022,1982,1985,1991,1978,1980,2003,2002,1996,2015,1986,1959,1965,2005,1967,1995,1959,1955,2,3,1,1,1,0,1967,2008,1973,2001,1979,1992,1957,2019,1985,2023,1982,1967,1967,1980,1991,2000,1976,1965,1996,1974,2007,1959,1992,1994,1963,2008,2011,1990,1977,2024,1960,1956,1978,1989,2015,1953,1987,1994,1952,1986,1993,2003,1971,1992,1969,2006,1991,1963,1980,2004,1959,2011,2024,1989,1961,1956,1982,1950,2024,1962,2015,1985,326,9376
51,38559,1,12.02.2024,87,2,0,15.02.2024,05.12.2024,1,56,4,0,2,4,1,2,3,1,75,53,70,4,38,24,2,1,5,0,0,20,0,False,1,False,4,2,3,0,1,0,0,0,0,1,2,1,2,0,2,1,0,2,2,1,1,1,0,0,1,0,0,0,1,2,2,2,1,2,1,0,1,1,0,0,1993,1959,1951,2006,1995,1960,1961,1953,1992,2021,1979,1962,2011,1993,1961,1967,1974,1985,1967,1983,1961,2003,1963,1972,1978,1990,1990,1970,1997,1955,1969,1962,1986,2016,1962,1992,1983,1985,1970,1954,1976,1989,1979,1958,1980,2009,1986,2006,2021,1971,2017,1981,1973,1969,2016,2010,1953,4,3,1,4,3,0,1975,1981,1981,1957,2018,2006,1956,2011,1952,1986,1989,2015,2023,1990,1983,2024,1958,1970,2023,1974,1984,1956,1961,1961,1983,2019,1977,1969,1989,1980,2015,1988,2003,1959,2011,1994,1987,2018,2010,1970,2020,1980,2007,1978,2012,2000,1992,2005,1978,2020,1971,2014,1987,1958,1951,1980,1953,1988,2006,1951,1967,2009,638,9567
51,88352,1,18.06.2023,87,2,2,23.04.2024,28.05.2023,0,42,7,6,2,0,1,1,14,55,11,11,2,38,5,36,21,1,6,0,0,18,2,False,0,False,1,2,4,4,2,0,0,2,0,1,2,2,1,2,1,1,1,2,1,2,1,0,2,2,2,2,2,2,0,0,0,2,1,0,0,1,2,1,1,1,1961,1952,1967,1967,1996,1952,2000,1984,1974,1979,1953,1980,2017,1972,1953,1979,2011,1968,1955,2002,1972,2015,2015,1978,1991,1989,1970,1988,2020,2009,1988,2005,1973,1964,1978,2008,2007,2019,1952,1998,2009,2021,1957,2007,2001,2021,1959,2017,1970,1972,1981,1987,2018,1963,1964,2001,2004,2,0,2,2,1,4,2014,1973,1957,1952,1951,2011,2011,1959,1954,2023,2003,2010,1950,1971,2014,1967,1984,1961,2016,1961,1969,1971,2013,2006,1976,1967,1960,1964,2023,2000,1967,2011,2014,2014,1991,1958,1959,1996,1997,2017,2011,1963,2007,1958,1982,1977,1952,2018,2017,1968,1969,1961,1991,1967,2020,1984,1991,2001,1956,2002,2013,1999,260,3253
51,57661,1,12.12.2024,87,2,2,13.04.2023,05.09.2024,1,41,3,10,3,1,2,2,5,95,34,37,83,50,75,46,8,1,0,0,0,28,1,False,0,True,5,0,8,5,1,2,0,2,0,0,2,2,1,1,2,2,1,1,0,0,1,0,2,1,2,1,2,0,2,2,0,2,1,0,0,0,1,2,0,0,1987,2004,2001,2012,1955,2017,1998,1982,1989,1999,1983,2010,2000,1998,1988,1999,1990,1961,1955,2004,1966,1983,1983,1960,1979,1969,1988,1955,1983,2006,2004,1989,2024,1967,2018,1984,1983,2022,2016,1966,1983,2000,1956,2014,1961,1960,1984,1999,1985,1967,1973,2018,1951,2012,1976,1985,1960,1,4,2,4,4,3,2012,1984,1981,1963,2013,2019,2018,1995,1991,2009,1961,1994,2000,1964,2022,1968,1989,2020,1959,1957,1973,1993,1957,2024,2021,1970,2011,2009,1975,1972,1994,1979,1968,1952,1974,1961,2018,2002,1966,1991,1956,1964,1994,1987,2002,1958,1981,2019,1972,1990,2014,1973,1963,2008,1995,1992,1998,2018,1955,1960,1996,1954,52,9842
51,56804,1,26.09.2023,87,2,1,05.12.2024,20.03.2024,1,8,7,3,5,6,1,2,12,42,71,37,13,27,45,18,33,2,0,0,1,40,3,False,0,True,0,3,2,0,1,1,1,1,1,1,1,0,2,2,2,0,1,0,2,0,2,1,0,0,2,2,2,2,2,2,1,0,0,0,2,1,1,1,1,0,1994,2023,2003,2001,2023,1992,1981,2021,1975,2013,1985,1993,1964,2000,1952,1987,1951,2010,2012,2023,1965,1965,1990,1964,2012,1968,1981,2014,1964,1988,2019,1994,2016,1967,2015,2023,1975,2003,1983,2011,2015,2005,1981,1967,2021,1974,2000,2013,1980,2007,1985,1978,1953,2006,1992,1954,2015,2,3,2,0,3,0,1985,2020,1995,2004,2024,2023,2004,2015,2001,2018,1989,1998,1999,2006,1970,1999,1959,1974,2016,1968,1958,2013,2016,2021,2001,2014,1962,1951,1999,1980,1960,2002,1955,2020,2007,1975,2018,2015,1985,1953,2000,1988,1960,1957,2015,1959,1992,1972,2001,1967,2012,1981,2009,2009,1993,2020,1970,1992,1970,2007,2019,1974,149,3368
51,90735,1,19.01.2024,87,1,2,15.08.2024,15.07.2023,0,40,5,12,0,0,0,0,1,69,91,84,13,37,41,86,20,2,5,5,0,37,5,True,2,True,0,1,4,2,2,0,0,2,2,0,0,2,0,1,0,0,1,0,1,2,0,2,1,2,2,1,1,0,0,1,2,2,1,1,0,2,2,0,0,1,1983,1961,2014,2018,1980,1998,1983,1956,1955,2017,1970,1989,2022,2006,1957,1956,2020,1984,1974,1978,1971,1979,1990,2015,2021,2001,1971,1958,2009,2021,2000,1959,1952,1984,1997,2009,1967,1970,2008,1986,2014,1984,1972,1955,1951,1983,1962,2015,1959,2009,1991,1974,1995,2000,2001,1983,1999,4,4,1,0,0,4,1998,1991,1967,2019,1982,2005,1974,1954,2016,1986,1995,1997,2014,1971,1966,1983,2017,1953,2016,1955,1971,2022,1958,1970,1968,1994,1972,2017,1985,2013,1959,1988,1984,1952,2006,2013,1967,1975,1965,1981,1971,1952,1985,1972,1977,2002,2005,2017,1959,1968,2011,2023,2013,2002,1977,2019,1989,1967,1977,1963,1964,1962,21,8606
51,31157,1,02.12.2024,87,0,2,13.04.2023,21.10.2024,2,39,1,9,0,3,2,2,11,31,69,83,70,73,21,20,8,1,1,1,0,21,1,False,1,False,2,3,1,0,1,1,1,2,2,0,1,0,1,1,1,0,0,2,2,0,1,1,0,0,2,1,2,1,2,0,2,2,2,0,1,1,1,2,1,2,1971,1966,1999,2015,1951,1985,2006,1984,1975,1954,2001,1951,1990,1990,1975,2005,1978,1960,1958,1979,1952,2001,2021,1964,1951,1977,1964,1979,2001,2006,1966,2002,2017,2018,2002,1966,2000,1969,1985,2017,2009,1972,1963,1979,1988,1996,1998,1956,1970,2024,2005,1984,1999,2012,2023,2002,1983,2,2,2,4,0,1,2018,1952,1973,1987,1954,2017,2006,2005,1993,1997,1970,1995,1958,2002,2016,2015,1970,2022,2007,1964,1994,1998,1962,1982,1998,1999,1971,1984,1991,1980,2003,1982,1969,1975,1976,1970,1979,1983,1964,1965,1959,1979,1975,1975,1995,1988,2000,1969,2006,1983,1989,2008,1972,2009,1970,1977,2024,2005,1991,1983,1958,2008,573,7442
51,76231,1,17.08.2024,87,0,1,17.06.2024,03.12.2023,2,15,3,2,3,4,0,1,12,30,28,2,42,81,38,43,9,2,6,0,2,9,2,False,1,True,2,1,5,2,2,0,1,1,2,0,2,1,2,2,1,1,1,1,2,0,0,2,0,2,2,1,2,0,1,1,1,1,0,1,0,2,2,2,1,0,1991,1985,1994,2003,1981,1969,2019,1952,2002,1979,2004,1998,2016,1954,2005,1989,2014,2001,2004,1960,1969,1964,2017,1957,1979,1980,1950,2001,1986,1952,1976,1975,1950,1955,1981,1978,2005,1963,2022,1982,2010,1964,2014,2001,1965,1971,2018,2011,2000,2017,2009,1955,1992,1990,1978,1999,1972,1,2,2,4,3,4,1980,1962,1997,1960,1957,2006,2012,1983,2015,2019,1973,1984,1963,1986,1963,2015,1972,1964,2023,1967,1951,1977,1954,1961,1950,1998,1999,1998,1968,1978,2002,1955,2012,1951,2012,2013,2003,2021,1980,1978,1974,2021,2017,1966,1950,1996,1973,1951,1997,1991,1955,1997,1962,2015,2018,1966,1978,1960,1989,2019,1958,1960,197,6471
51,94505,1,13.01.2024,87,0,2,05.01.2024,23.07.2024,1,62,7,3,3,5,0,2,3,68,55,10,94,80,45,82,74,0,2,0,2,14,1,True,2,True,1,1,1,6,0,2,1,2,2,0,1,0,0,2,2,1,0,0,0,2,1,2,2,1,2,2,2,1,0,1,0,0,0,2,1,1,0,1,2,1,1970,1992,2002,1965,1987,2013,1996,2003,1969,1991,1960,1998,1950,1950,1991,1980,1997,2012,1963,2004,2012,1964,2008,1978,2015,1961,2016,1989,1979,2001,1982,1986,2009,1968,2019,1991,2010,1954,1959,1984,1993,1977,1957,1987,1951,1992,1953,2015,1953,1974,2018,1994,1977,1976,2012,1977,2020,2,3,4,1,3,0,1954,2020,1996,2019,2014,1954,1986,2014,1975,1976,2001,1961,1966,2010,1986,1961,2023,2013,1998,1968,1953,2009,2014,2007,1980,1976,1975,2003,1958,1988,2016,2010,1962,1973,1982,1993,1993,1979,2015,1982,1985,1972,2015,1962,1991,1955,1986,1955,1992,1998,1962,1963,2018,2016,1967,1989,1982,1959,2019,2003,1983,1978,874,5123
51,97898,1,03.06.2023,87,2,1,21.01.2024,25.03.2024,3,73,5,5,1,4,1,2,12,12,51,37,8,91,46,28,9,1,4,4,2,37,1,True,1,True,0,1,8,3,1,1,0,2,1,0,2,1,2,1,2,2,2,2,1,0,0,2,2,2,1,1,2,2,1,0,0,0,1,2,2,1,0,0,0,2,1954,1969,1962,1968,2006,2005,2009,1996,2006,1990,1953,1993,2021,1975,1967,2009,1975,2005,1956,1997,1959,1967,1974,2001,1999,1982,1995,1965,1959,1994,2016,2009,1963,2000,2005,1951,1970,1953,1996,1963,1978,2023,2019,1993,1985,1961,1971,1962,2019,1977,1998,1950,1985,1991,1977,1955,1986,4,1,2,4,4,1,1959,2013,2019,2020,2021,1955,2022,1965,1962,1958,1994,2005,1994,1987,2015,1975,1984,1958,1954,1991,1976,1992,1986,1966,1968,1978,1978,2019,2010,2018,1962,2024,1989,1951,2017,1978,1954,1957,2019,1998,1979,2020,1983,2018,1975,1964,1967,1967,2009,1966,1978,2023,1968,1998,1956,1983,1989,2007,1975,1997,2001,2020,160,5006
51,2479,1,24.08.2023,87,0,0,26.04.2023,27.10.2023,1,38,5,5,0,5,0,2,13,36,25,16,97,8,79,89,24,0,6,4,0,27,0,True,1,True,4,2,6,4,1,1,2,1,0,0,1,2,2,2,1,0,2,1,1,1,1,2,0,0,2,1,0,0,1,2,2,2,2,0,0,0,0,0,1,1,1955,1983,1951,1975,2003,1990,1979,1989,2015,2003,1971,1954,1961,1997,1950,1983,1965,2012,2008,1958,1980,1997,2021,1986,1961,1961,1972,1991,1997,2001,2018,2018,1981,1995,1987,2020,1968,1995,1982,2012,1969,1953,1973,1969,2006,2020,1973,1992,2013,1978,1985,1977,1953,1994,1973,1966,1966,0,3,1,3,2,0,1990,2012,1987,1992,2020,2009,1975,2023,1957,1993,1962,1980,1989,2015,1970,1992,1984,1965,1960,1963,2010,1995,2024,2021,1972,1985,2003,1956,1988,1971,1958,1952,1987,1969,1996,2005,1971,1961,2011,1976,1992,2018,1976,2010,2021,1964,2007,1964,2009,1975,1979,1980,1999,2019,1981,1981,2012,1994,1959,1955,1992,1960,292,7448
51,87228,1,23.10.2024,87,0,1,29.10.2023,15.12.2023,3,94,7,5,1,1,2,2,5,87,45,33,4,62,9,61,19,0,6,4,0,24,1,True,2,True,4,2,4,0,1,0,1,0,1,2,1,1,1,2,1,1,0,0,2,1,0,0,2,2,1,2,1,0,1,1,0,2,1,1,0,0,1,0,0,1,2009,2002,1993,1980,2014,1992,1975,1985,2023,2018,1956,1955,2010,1950,1985,2003,1966,2018,1953,1968,1996,1956,1986,1955,2023,1995,2015,1960,1992,1974,1968,1977,2013,1960,1989,2022,2003,1984,1961,1971,1994,1954,1971,1993,2004,1988,1992,2020,1952,1968,1959,1998,2010,2010,2014,1992,1986,0,3,4,1,3,1,1971,2009,2006,1971,2014,2017,2016,2001,1957,1967,2012,1969,1992,1966,1972,1991,1985,1964,1979,1950,2023,2000,1959,1978,2001,1962,1989,1957,2002,1990,2020,1960,1960,2016,2017,1993,2006,1967,1966,1953,1968,1971,1951,2000,2019,1992,1976,2021,1976,1978,2008,1960,2023,1952,2021,1966,1994,2016,1988,1972,2014,1983,699,4904
51,95160,1,25.03.2023,87,1,0,08.12.2024,24.03.2024,0,64,5,0,5,3,2,1,6,75,57,6,83,88,72,49,97,0,4,2,2,2,2,False,1,False,0,3,4,3,1,1,1,0,2,2,1,1,0,2,0,1,0,0,0,0,2,0,1,2,2,2,2,2,0,0,1,2,0,1,1,2,2,0,0,1,2023,1999,1968,2021,1971,1972,1996,1992,1988,1981,1958,1977,1983,1955,1955,1997,1973,1952,1955,1967,1961,1992,1992,1982,1970,1990,1973,1951,1970,1963,1978,1967,1996,1997,1972,1997,1989,2017,1981,1977,1974,1952,2008,1992,1982,2001,1996,2003,1965,1951,1969,1997,2015,2009,2001,1955,1953,2,4,4,4,2,4,1960,1973,1976,1951,1951,1972,2023,1955,2019,2019,1952,1998,2019,1977,1970,1956,1967,1957,1988,2017,2014,1955,1999,2001,1961,2013,1963,2023,1993,1958,2016,2013,1959,1973,1989,2014,2007,1984,2023,2004,2021,2022,2005,2003,2020,1982,1991,1950,1961,2021,2017,1955,2013,1964,1991,1968,1960,2018,1997,1973,1996,1953,942,5101
51,3536,1,10.09.2024,87,1,2,24.08.2023,06.09.2024,1,61,4,9,2,0,1,0,1,7,75,84,61,15,59,24,28,0,1,2,1,27,4,True,1,False,0,0,6,3,0,2,1,0,0,0,0,2,2,1,0,1,0,1,1,2,1,1,2,2,0,1,2,0,1,1,0,1,0,0,1,0,1,2,2,0,1961,1968,2012,1985,2023,2013,1967,1965,1965,2010,2010,1987,1983,2015,2007,2005,1992,1956,1976,1975,1974,1984,1958,1993,2011,2002,1971,1970,1998,2005,1993,1994,2016,1983,2024,1985,1984,2009,2023,2021,1967,2006,1998,1955,1962,2001,1988,1960,1981,2007,1956,1953,1962,1966,2000,1969,2009,4,3,3,1,1,4,2001,2016,2006,1991,1999,1959,1976,2002,2002,1964,1972,1975,1981,2007,1959,2024,1969,2003,1962,1977,1959,1970,2014,2009,1959,2007,2012,2009,2023,1965,2005,2008,2022,1977,1979,1958,1951,1993,1970,2017,1952,1973,1981,2017,2003,2017,1991,2009,1980,1993,1968,1979,1992,2006,1976,2002,1967,1988,2009,1969,1963,1981,375,6521
51,82433,1,12.04.2023,87,0,0,05.04.2024,09.01.2024,2,80,5,12,0,1,1,2,11,11,67,30,59,39,9,1,80,1,4,4,2,4,1,True,1,False,5,0,10,5,1,2,2,1,0,0,2,2,1,1,2,0,0,2,2,2,0,0,0,1,1,2,0,1,1,2,2,0,2,2,1,1,1,0,1,2,1994,2016,2010,2006,1958,1975,2008,1994,1965,1996,1988,1976,1972,1958,1987,1981,1972,2006,1967,1998,1974,2003,2017,1951,2002,2010,2009,1955,2002,2012,1979,1975,1996,1963,2003,1991,2015,1975,1972,2008,2015,2020,1965,1997,1986,1954,1956,2018,1996,1986,1982,1971,2005,2005,2018,1987,1969,0,4,3,2,0,0,1997,2017,2001,2001,1996,2005,1980,1959,2024,1959,1963,2011,2019,1986,2011,1967,1973,1992,1967,1977,2023,2016,1981,1970,1973,2001,1979,1972,2014,2022,1987,1964,1996,1962,1994,1971,1976,1989,1966,1994,1992,1966,2006,2007,2011,1970,1993,2005,2010,2002,1970,2022,1987,2009,1995,2022,2011,2018,1953,1980,1955,1989,964,7470
51,19612,1,22.03.2023,87,2,2,06.12.2024,17.07.2024,1,56,4,3,1,1,1,2,1,49,29,37,29,50,42,53,94,1,6,2,2,8,5,True,2,True,5,1,0,3,1,0,2,0,0,1,0,2,1,1,1,0,1,1,0,0,0,1,1,2,0,2,2,2,0,2,2,1,1,2,1,0,0,0,0,0,1971,1960,1976,1996,2018,1963,1985,2020,1991,1987,1951,1983,1990,2019,1995,2023,1967,2021,1997,2010,2013,1973,2006,1993,2001,1981,1996,1953,1953,1969,2020,1986,2007,2019,2000,1952,1995,2002,1972,1951,1979,2001,2012,1985,2010,1995,1994,1985,1996,1994,1994,1967,1980,2011,1980,1983,1989,2,0,4,1,4,2,2001,1997,2005,2023,1964,2008,1986,1952,1978,2006,1986,1991,2020,1966,1962,1957,2000,1955,1951,2001,1985,2012,1984,2023,2013,1953,2018,1964,2023,1950,1974,2015,1991,1990,1997,2004,1997,1961,2013,1992,1990,1962,2008,1987,1989,1983,2020,1978,1977,2002,2007,1976,1989,1991,1983,1995,1971,1997,1954,1976,1975,1968,775,6030
51,71776,1,08.11.2023,87,1,0,20.12.2024,03.02.2024,3,60,1,10,5,6,0,1,20,21,9,58,87,60,68,24,96,1,6,3,0,38,2,False,2,True,5,3,10,4,1,2,0,2,0,2,2,2,2,1,0,2,1,1,2,2,2,0,1,0,1,1,0,2,0,1,0,2,2,0,1,2,1,1,0,1,1963,2005,1967,1981,1988,1992,1975,2018,2010,1993,2023,1976,2023,2001,1960,1959,1969,1960,2002,2022,2022,1959,1989,1964,1966,1960,2005,2007,2022,2019,1955,1970,1978,1967,1987,1959,1952,2011,1968,2003,2016,1979,1967,1958,2014,1990,1986,2013,1957,1997,2017,2007,2009,1965,1961,2009,1974,4,0,2,4,0,4,1951,2005,2020,1999,1985,1960,1969,1961,2005,1954,2009,1963,1956,1969,1983,2000,2014,1976,1978,2000,1960,2024,2022,1986,1982,1967,1959,1985,1965,1974,1988,1953,1979,1993,2000,1987,1971,1950,2000,1967,1957,2011,2011,1978,1994,1998,1985,1970,1982,1982,2008,1997,1998,1953,2010,1974,1969,1998,2018,1985,1967,1965,691,9249
51,24132,1,11.05.2023,87,1,1,12.05.2024,29.11.2024,3,81,0,8,4,6,0,2,12,80,72,73,96,37,15,64,37,0,0,3,0,21,2,True,0,False,3,2,9,2,2,1,1,2,0,1,1,1,1,2,2,0,0,2,1,2,2,1,0,0,2,1,1,0,1,0,0,1,0,1,1,1,1,1,0,0,1966,2021,2013,1968,2023,1966,1965,2024,2009,1982,1996,1973,1954,2017,2014,2014,2014,1959,2020,1960,1960,1953,2006,2002,2017,1981,2012,2012,2002,1974,1973,1985,1959,1980,1984,2019,1990,1981,1996,1981,2023,1987,1991,2001,1982,2002,1991,1996,1959,2005,1963,1981,2018,2021,1998,1978,1957,0,4,1,0,3,2,1992,1976,1979,1991,2020,1977,1992,2023,1981,2020,2001,1974,1979,1988,1950,2018,1956,1981,2016,2014,1976,1981,2022,2000,2020,2002,2000,1977,2012,2020,1985,1968,2018,1977,1985,1976,2018,1987,2014,2019,1962,2008,1998,1960,1970,1997,1997,1982,1957,1978,1956,2010,1969,1955,1967,2007,2015,1972,1973,1987,2005,2000,343,529
51,14815,1,23.03.2024,87,1,1,22.07.2024,08.03.2023,3,2,1,7,0,2,2,0,15,18,45,11,0,81,85,93,83,1,1,5,2,38,2,False,2,True,1,3,0,3,1,2,1,1,1,1,1,0,2,1,1,1,0,2,1,2,2,0,2,0,0,1,1,1,2,2,2,1,1,0,0,2,0,1,1,1,1994,1977,1957,2002,2022,2018,2015,1970,2012,1973,1953,2005,1970,1974,1951,1977,2017,1992,1980,1987,1995,2022,2005,2000,1973,1995,1986,1964,1955,1960,1997,1992,1954,1976,1991,1979,1977,1982,1985,1983,1967,1990,1984,2022,1955,2017,1965,1971,1964,1983,1958,1990,1953,1963,1964,2005,1980,3,0,3,4,2,0,2002,1984,1984,1993,2020,2016,1983,1970,1974,2001,1988,1969,2003,1975,1990,1972,1982,2000,1986,1958,2000,1956,1991,1957,1995,1997,1986,2011,2010,2011,1954,1976,2011,1957,1966,2008,1957,1962,1963,2019,1962,1972,1989,1963,1972,2022,1993,1971,1956,1982,1975,1981,1984,1989,1981,1956,1970,1968,2008,1982,1993,1955,63,1607
51,39583,1,29.05.2023,87,2,1,06.07.2024,07.08.2024,0,15,6,1,1,0,2,1,1,79,83,33,2,9,98,47,83,0,1,4,0,42,4,False,1,False,3,3,10,4,1,1,1,0,0,0,1,2,1,2,0,2,2,0,0,2,2,2,0,2,1,0,2,0,2,0,2,2,1,2,0,1,1,0,0,1,1974,1975,1959,2024,2019,1975,2023,1988,1962,1977,2001,2008,1959,1967,1950,1955,1959,2004,2006,2009,1952,2014,2023,1986,1963,1965,2007,2014,1992,1950,1976,1985,1967,1959,1972,1991,1999,2022,2022,2012,1952,1995,1958,1965,1952,1957,2022,2002,2016,1958,1954,2018,1958,2011,2020,2013,1952,3,1,4,2,0,2,2013,1989,2017,2015,2022,1969,1961,2004,1959,1996,1956,1974,1997,2010,1987,2004,2009,1969,2000,1981,2005,1993,1970,2006,1982,1983,2004,2019,1962,2001,1989,2013,1952,2009,1981,1997,1963,1954,1987,2006,2003,1978,2006,2005,1995,1996,1950,1995,1964,1970,2017,1962,1982,2022,2005,1977,1984,1993,1955,2010,1984,1969,825,9885
51,99335,1,19.04.2023,87,1,0,21.11.2023,29.01.2023,1,49,6,12,5,2,1,0,1,20,3,41,29,8,38,83,51,0,0,1,0,18,5,True,0,False,3,2,3,3,1,2,2,0,1,2,1,2,1,2,2,1,0,1,2,1,0,1,2,0,0,0,0,2,2,2,2,2,2,0,2,0,0,2,1,2,1955,1970,1950,2010,1961,1989,2013,2009,2013,1957,1960,1965,2000,2004,2014,1961,1985,2001,1952,1961,1981,2020,2002,1968,1957,1996,1997,1959,2018,1955,1963,2009,1994,1975,1986,1968,1983,2008,1975,1997,1997,2012,1962,1979,1991,1957,1963,2013,1969,1978,2014,2020,1991,1984,1954,1983,1952,4,2,0,2,0,0,1988,1964,1973,1951,1993,1971,1956,2021,1960,2007,2005,1952,1984,1984,2005,2013,1990,1952,2012,1993,2018,1956,2009,1960,1987,2007,1976,2013,2004,1996,1963,1964,2001,1965,1988,2000,1984,1996,1961,1969,2019,2008,2010,1997,1962,1954,1990,1951,1953,1979,2021,1989,1983,1963,1978,1984,2013,1971,2020,1997,1985,1973,922,6347
610,66296,2,24.10.2023,98,0,1,05.01.2024,05.08.2024,2,21,7,4,4,5,0,0,7,32,73,8,45,43,67,74,27,2,5,0,1,11,3,True,1,True,0,0,8,0,0,0,2,1,1,2,0,2,0,1,2,1,1,0,1,0,0,0,0,1,1,0,1,0,2,0,1,2,1,2,2,2,0,1,0,2,2001,1968,1992,1990,1996,1971,2004,1969,1964,2011,1966,2003,1960,2000,1982,1993,1988,2018,1952,1986,1979,2011,2017,1988,1996,2023,1967,1990,2003,2017,2014,1990,1974,1954,2007,1977,1969,1957,1959,2004,1968,1951,1973,1970,1951,2004,1973,1995,1977,2006,1966,2012,1953,2008,2004,1981,1996,1,1,0,0,1,4,1973,1977,1991,1979,2016,2014,1978,1974,1983,1982,2016,2013,1954,1986,1976,2021,2023,1950,1988,1985,1970,1986,1954,2008,1952,2015,2012,2008,1971,1997,1979,2014,1982,1959,2002,1954,2021,1959,2013,1989,1961,2002,1982,2005,1986,1998,1997,1962,2019,1950,1967,2022,2006,2014,1973,2022,1973,2000,1979,1972,1988,1996,10,714
610,14666,2,14.11.2023,98,1,0,28.10.2024,08.09.2023,3,65,0,12,4,1,2,2,7,13,3,87,28,52,13,15,6,0,6,4,0,33,2,True,2,False,3,2,3,6,2,2,1,1,2,2,2,2,0,1,1,1,2,2,2,0,1,0,1,1,1,0,0,1,1,0,0,0,2,0,2,1,1,1,1,1,2023,1957,1958,1962,1988,1985,1986,2004,1953,2020,1977,2006,1995,1979,2021,1984,1986,2022,2017,1953,1992,1955,1951,2008,2019,1981,2021,1979,1951,1976,1976,1985,1951,1981,2022,1988,1978,2009,2018,2023,2022,1968,1969,2008,1996,1994,2011,1972,2023,1964,1997,2001,2009,2011,2017,2010,2024,2,1,1,4,4,1,2022,1997,1951,1967,2001,2016,1952,2000,1960,1952,2008,2011,1958,1992,2011,1994,1984,1951,1959,1995,2017,1955,2001,1965,1973,1952,2020,1982,1988,1979,1986,1992,2006,2009,1955,2022,1992,2017,1956,1954,1980,1950,1952,1986,1987,2007,1953,1990,2024,2001,2014,1991,2000,1985,1973,2000,2013,1982,2004,1952,2021,1990,884,6906
610,18724,2,22.05.2024,98,0,2,12.09.2024,06.08.2023,0,28,7,12,2,4,2,2,10,39,36,36,85,10,82,74,39,2,6,5,1,32,0,False,1,True,5,3,0,5,1,2,2,1,2,0,1,1,0,1,0,1,2,0,2,1,0,0,1,0,2,1,2,2,1,2,1,0,1,1,0,1,1,1,2,1,1990,1977,1993,2016,2002,1977,1998,1997,1961,1988,2024,1987,1959,1973,2018,2004,2010,1993,1962,1994,1995,1973,1977,2022,2003,1962,1981,2013,1974,1994,1989,1954,1979,1984,2008,1995,2018,2006,1973,2016,1954,2012,1963,2011,1989,1974,2024,1954,1963,2023,2012,1967,1986,1985,1954,1993,1989,4,3,3,1,3,3,2003,2004,1952,2021,1983,2021,2014,2005,1994,1983,1994,1959,2003,1998,1970,1965,2002,2006,1990,2024,1972,1992,2000,2015,1996,2001,1956,1955,1969,2007,1958,1962,2005,2019,1958,1993,1955,2008,1971,1995,1999,1990,1991,1996,1975,2023,1976,2012,1973,1963,2009,2010,1988,2021,1986,2020,2001,2013,1981,2017,1963,2006,324,1704
610,107,2,07.04.2023,98,1,2,26.05.2024,28.11.2023,1,13,1,11,4,5,1,1,0,67,62,62,34,44,72,71,81,0,5,5,2,32,2,False,1,True,0,2,2,1,1,2,2,0,1,0,2,2,2,2,0,2,0,2,1,1,0,0,2,2,2,0,1,2,1,1,2,2,0,1,1,1,1,1,1,1,1995,2018,2021,2020,2017,2018,1976,1976,1974,1969,1977,2010,1974,1968,1969,1989,1971,1961,2002,1959,1995,2010,2016,1990,1955,1965,1967,1998,1957,1979,1979,1978,2020,2006,2004,2015,2021,2014,1989,1971,1950,2000,1981,2008,1984,1983,2021,1979,1953,1999,1982,1965,2016,1956,1998,1953,1957,3,2,1,0,2,2,1989,1952,1967,2012,2024,1984,1968,1986,1985,1956,1993,1964,1959,2011,1953,1973,1962,2022,2017,1995,1986,1980,2005,1980,2020,1995,1957,2023,1986,1965,1995,1950,1964,1996,1962,1977,2008,1984,1963,1979,2019,2002,1955,1964,1959,2007,1961,1971,2000,2006,2000,1953,2019,1998,2013,2002,2010,1996,2011,1989,2021,1982,280,6942
610,37605,2,04.04.2024,98,0,2,21.11.2024,04.01.2023,3,5,2,12,2,3,1,2,16,18,7,49,72,46,12,38,11,0,2,0,2,28,3,True,2,False,4,1,7,3,2,0,1,0,2,0,0,0,1,1,1,1,2,0,1,0,1,0,0,1,2,0,2,0,2,0,1,2,1,1,0,2,2,1,1,0,1959,1968,1986,1977,1963,1999,1951,2006,1984,1996,2009,1987,1976,1999,2002,2002,1955,2001,1953,2008,1956,1972,2005,1974,1962,2017,2016,1992,2014,1964,2016,1984,1995,1951,1991,1967,2024,1971,1991,1979,1982,2009,2011,1995,1981,2015,2005,1993,1989,1979,2010,2015,1962,1993,2001,1959,1961,0,4,1,4,2,3,1965,2022,1967,1987,1979,2004,1985,2002,1990,1986,1956,1974,1989,1962,2023,1990,1961,1999,1967,1951,1996,2017,1952,1990,1996,2024,1973,1981,1979,2021,1986,1985,2015,1997,2002,2020,1988,1992,1980,1976,1988,2010,1997,1989,1983,2016,1962,1975,1968,1980,1986,2018,2016,2002,1959,1994,1965,1953,1980,2003,2011,1965,267,277
610,57563,2,16.02.2023,98,0,2,14.05.2023,05.02.2023,2,48,2,12,6,5,0,1,7,5,91,68,8,36,57,84,84,2,5,1,1,25,5,False,1,True,5,0,3,3,2,0,1,2,1,1,0,0,1,0,2,2,2,1,2,2,1,2,0,2,2,1,1,1,0,0,1,1,1,2,0,1,0,1,2,0,2021,1966,1978,2017,2008,1996,1982,1997,1964,1957,1981,1999,1982,1957,1988,1972,1966,1999,2007,2021,1965,1990,1955,1981,1959,1954,1995,2012,1955,2004,2001,1967,1989,2010,1969,1963,2019,2003,1998,2022,1964,1956,1965,1978,1981,1997,2021,2019,1974,1977,1969,1979,1966,1966,1969,1962,1968,4,3,3,2,1,2,2011,1975,1992,1999,1997,1989,2001,1970,2014,2009,1950,1974,1951,1967,2008,1992,1984,1985,1991,1964,2004,1955,1997,1998,1991,1952,2024,1992,2009,1985,1952,1998,2017,1960,1974,1978,1987,1950,2018,1983,2021,2022,1955,2021,2016,1972,2018,2023,2021,2018,2007,2017,2005,1983,1997,2007,1994,1975,1966,2017,2003,2022,700,519
610,57260,2,18.02.2024,98,0,2,31.05.2024,03.06.2024,1,67,2,10,4,0,1,1,2,66,47,5,83,40,85,17,25,2,0,2,0,23,5,True,1,True,3,3,6,3,0,2,2,1,2,0,2,2,1,0,2,2,1,1,2,0,0,2,0,0,2,1,0,0,0,0,2,2,0,2,1,1,2,0,0,1,2008,1972,1958,2024,1984,1982,2024,1975,2005,2001,1967,1995,2009,1958,1959,1960,2003,1961,1963,1994,1990,2012,1957,2002,1969,1986,1962,1956,1999,1978,1956,1962,1973,1957,2013,2009,2009,1989,1999,2014,1964,1978,1999,1968,1965,1996,1970,1995,2009,1985,1995,2022,1975,1984,1967,1977,2002,4,0,3,1,0,2,2010,1958,2000,1985,1980,1983,1960,1997,1951,1953,1982,2004,1990,2020,1992,1997,1960,1953,1965,1950,1962,2004,1953,1991,1984,1955,1989,2019,1977,2003,1981,1962,1965,1956,1964,1996,1977,2014,1963,2017,1960,1963,2015,2004,1972,1950,1982,1956,1967,1989,1984,1981,1988,1971,1997,2022,2007,2012,1977,1952,1991,1993,847,7815
610,20496,2,05.05.2023,98,2,2,18.03.2023,28.09.2023,3,41,7,3,0,5,0,2,17,42,40,53,20,80,58,19,78,2,5,5,1,10,2,True,0,True,5,2,3,0,1,1,1,2,2,2,0,2,1,2,2,2,1,0,1,2,1,1,2,0,1,2,1,2,0,0,1,0,0,0,0,2,0,1,0,2,1983,2008,2021,1980,2003,2024,1958,1973,1976,1961,1955,1993,1952,1974,1975,1989,2018,1987,1954,1976,2006,1994,2010,1980,2022,2019,2009,1980,2022,1986,1991,1967,2015,1962,1957,2017,1981,2024,2013,1972,1961,1956,2011,2004,2010,1962,2000,2010,2015,1968,1980,1966,1982,1973,2019,1953,1991,3,0,4,2,3,2,1963,2011,1952,1998,1974,2005,2023,1962,1956,1972,1965,2000,1965,1983,2009,1980,1976,1964,1997,1978,1984,1998,1979,1963,1989,1952,1982,1990,1969,2003,2020,1993,2011,2021,1965,1999,1990,2007,1961,2002,2010,1972,2000,2006,1988,1954,1964,1955,1997,1960,2016,1950,1963,1950,1978,2010,1980,2010,1997,1980,2004,1994,518,8580
610,19079,2,11.04.2023,98,1,2,14.07.2023,13.08.2023,3,49,4,3,5,1,1,2,18,44,7,10,56,55,55,22,48,1,0,5,0,7,1,True,2,False,0,3,0,6,1,2,0,2,2,0,0,0,2,1,0,0,2,2,1,0,2,2,2,2,2,1,2,1,2,2,2,0,1,1,0,1,0,2,2,0,1963,1992,2024,1994,2008,1989,1971,2003,2007,1973,1977,2007,1961,1954,1987,1955,1984,2011,2015,2018,1984,2019,1961,1950,1998,2015,1977,1994,1981,2000,1980,1962,1975,1974,2013,2006,1964,1959,1952,1999,2020,1997,1952,1969,1983,2004,1987,2000,1985,1992,1988,1992,1956,2024,1996,2004,2015,4,2,4,2,3,3,1974,1973,2018,1991,2013,1961,1996,1998,1993,1971,2020,1988,2023,1993,1958,2018,1994,2016,1953,1961,1987,1983,1982,1998,2009,1976,1996,2015,1969,2004,1954,2001,2011,1961,1955,1961,1972,2021,2014,1986,2002,2005,2010,1998,1997,2018,1969,1998,2022,1967,1953,1963,1973,2014,1991,2007,1987,1978,1957,1974,1975,1987,333,7290
610,41075,2,10.12.2024,98,1,2,01.05.2024,23.01.2023,2,1,4,4,5,5,1,0,2,82,47,52,33,12,32,66,79,2,1,2,0,12,1,True,2,False,3,2,3,0,0,0,1,0,2,0,0,2,0,1,1,2,2,0,1,0,0,2,1,0,2,0,0,2,1,2,1,0,0,2,1,1,0,2,2,0,1980,1972,2011,2002,1950,2009,1985,2007,1997,1978,1984,2006,1956,1963,1959,1953,2008,2006,1985,2016,2020,1966,1957,2014,1982,1977,1960,2019,2009,1989,1991,1974,2020,1978,2002,2020,2005,1999,1978,1976,1976,2019,2000,2006,2021,1979,1993,1986,1988,2007,1994,1959,2015,1995,2016,1962,1981,2,4,2,0,3,2,1973,1972,2013,1952,1959,2017,1951,2016,1970,1963,2012,1963,1964,1956,2011,1985,1973,2004,2013,2011,2018,1953,1986,2024,1959,1954,2019,1952,1984,1952,1958,1974,1964,1984,1995,1958,2016,2016,1951,2005,1992,1976,1988,2003,1950,1966,2019,1958,1976,1970,1981,1962,1975,1975,1997,2017,2001,1962,1983,2012,1953,2006,467,9417
610,15282,2,07.08.2024,98,0,2,13.02.2023,31.12.2023,2,53,7,5,4,1,2,2,17,7,67,56,83,79,21,13,96,2,6,5,0,4,0,True,2,False,5,2,5,6,0,0,1,2,1,2,0,2,2,2,1,1,2,2,1,1,0,0,2,1,2,2,0,2,0,2,2,2,2,0,1,1,0,2,1,2,1992,1965,1990,1977,2010,2018,2014,2002,2021,1958,2017,2008,2009,1993,2011,1979,1994,1967,2023,2001,1955,1988,2013,1951,1979,1997,1999,1992,1969,1957,1990,1991,1986,2017,1967,2019,2021,1957,1997,1965,2023,1999,1987,2000,2010,1987,2022,1993,1996,1996,1969,1993,1954,1986,1967,1995,1973,2,1,0,0,3,0,2003,2020,2020,1988,1994,1996,2004,1974,1974,1990,1987,1973,1963,1981,1955,2010,1971,1958,2011,1977,2005,1994,1994,1967,1983,1964,1957,1970,2013,1984,2000,2001,1999,1963,2015,1983,2002,1958,2020,2005,1984,1958,2006,1980,1965,2018,2013,2006,2021,1992,1982,1955,2003,1997,1978,2022,1965,2013,1967,1959,2007,1963,157,1678
610,23667,2,12.12.2024,98,1,1,15.04.2024,09.04.2024,1,47,3,5,1,3,0,2,15,70,93,94,20,72,33,3,57,0,0,1,2,20,2,False,2,False,2,1,1,5,0,2,2,1,2,2,2,2,2,0,2,1,2,1,0,2,2,1,1,1,1,0,0,2,2,2,2,1,0,1,1,0,1,1,1,0,1975,2024,1993,2017,1985,2005,1997,1955,1971,1955,1987,2001,2004,1950,1961,2019,1953,2009,1958,1969,1969,1950,2000,1972,2007,2007,1988,2019,2013,1991,1999,2021,1997,1969,1957,1957,1959,2018,2001,1980,1995,2001,1953,1958,1954,2016,2024,1972,1977,1974,2011,2019,1986,1998,1952,1986,1968,1,1,2,1,3,0,1993,1963,1954,2007,2000,1998,2004,2017,1956,1974,2020,1954,1986,1984,2015,2023,2012,2006,1987,1954,1981,1960,1980,1954,1970,1984,2022,1974,2003,1970,1991,2016,2005,1989,2006,1987,2004,1978,2022,1996,1982,1991,1990,2020,1988,1970,1971,2001,1968,1993,1984,2010,2018,2003,2016,2003,2019,2010,2016,1996,1976,1976,565,4221
610,83939,2,22.07.2024,98,1,0,08.12.2024,24.05.2024,1,81,2,12,1,4,2,0,2,86,14,28,24,86,56,22,57,0,2,2,2,30,3,False,2,True,0,0,6,6,1,2,1,0,2,1,0,2,2,1,1,1,2,0,1,0,1,2,2,0,1,1,0,0,2,2,0,1,1,0,1,2,1,2,2,1,1963,1959,2002,2005,1966,2016,1965,1985,2003,2022,1995,1977,2011,1994,1986,1974,1962,1966,2021,2012,1951,1988,2015,1965,1971,2017,2024,1982,1966,2003,2012,1963,1968,1977,2001,1974,2021,1967,2011,1994,2021,1975,1952,1965,1983,2017,1979,2003,1981,2014,2015,1963,1980,1990,1975,2009,1984,0,1,2,1,1,4,1981,1982,1976,2001,1977,1972,1951,2021,2005,1955,1967,2020,1991,1997,1954,1956,1980,2004,1990,1968,2014,1970,1982,1978,2023,1951,1966,2004,1987,2013,1964,2010,1990,1993,1978,1982,1995,2015,1983,1990,1988,2007,1960,2000,2009,1961,1984,1974,2023,1995,1994,1970,1970,2015,1971,2015,1968,2007,1971,1977,1958,2010,1,1644
610,94602,2,02.05.2023,98,2,2,12.03.2023,29.06.2024,1,28,6,6,2,6,1,1,15,8,84,76,68,43,16,84,8,0,1,2,0,24,3,False,2,False,2,1,6,6,0,0,2,0,1,1,0,2,2,0,2,0,1,1,1,0,0,0,2,0,2,2,1,0,1,0,0,0,0,2,0,2,2,2,1,2,2016,2007,1993,2009,2006,1960,1984,1984,2000,1954,2009,1980,2000,1977,2014,1963,1985,1998,1951,2017,2010,1974,1959,1983,1978,1950,1954,1960,2016,2021,2007,2023,2016,1990,1984,2022,1994,1971,1985,1958,1981,2022,1963,1986,1953,1979,1990,2014,2011,1964,2000,2010,2019,1993,2005,2007,1992,0,4,4,1,1,1,2005,2014,2009,2023,2013,2024,1989,1978,1983,2016,1957,1991,1964,2009,1962,2003,1956,1963,1991,1961,1995,2006,2008,2002,1996,1967,1988,2024,1968,1996,1981,2018,1977,2006,1997,2001,1985,1982,2000,2018,1958,1985,2011,1959,1958,1969,1959,1978,1950,1950,1979,1977,1986,1980,1988,1979,1962,1984,2021,2000,1963,1983,663,466
610,97725,2,11.08.2024,98,2,0,09.02.2024,12.06.2024,1,4,0,1,2,4,1,0,18,21,62,11,85,36,28,93,81,0,4,3,1,30,0,False,0,False,3,0,0,2,2,1,2,2,0,0,1,1,2,2,1,0,0,2,1,2,2,2,1,2,1,1,0,0,2,1,0,1,0,1,0,1,0,2,2,1,1993,2001,1963,2006,2004,1953,1976,2024,2011,2021,1961,1962,1974,1963,2017,1966,1993,1984,2013,2015,1962,1961,1975,1965,2001,2007,1972,1950,2005,1960,1966,1952,1953,1999,1959,2007,2012,2023,1978,1965,2012,1959,1995,2023,1982,1965,2013,2009,2018,1971,2012,1974,1974,1973,1996,1983,2019,2,0,1,2,1,2,2019,2018,1969,1984,2008,1958,1958,2022,2003,1992,1988,2011,2015,1993,2006,1950,1981,1984,2013,1951,1983,2022,1993,2007,1993,1958,1973,2006,1978,1993,2001,1970,2020,1996,1996,1952,1969,2019,1971,1992,1989,1961,2016,2003,1992,1987,1961,1969,2017,1983,1994,2001,1958,1963,1975,2006,1956,2023,1950,1991,2018,1986,601,905
610,12273,2,13.12.2023,98,1,1,20.12.2024,02.11.2024,2,79,3,2,1,2,1,2,9,50,17,52,59,6,44,84,10,0,5,1,0,14,3,True,1,True,1,0,2,1,2,1,0,0,0,1,2,2,2,2,1,0,1,2,1,2,1,0,2,1,2,2,1,0,0,1,1,0,0,2,1,0,2,0,1,1,1995,1998,1986,1979,1964,2006,1970,1962,2004,1997,1969,1958,1985,1982,1968,1957,1956,2016,1971,1994,2008,1967,1986,1957,2007,1991,2000,1951,1961,1992,1965,1979,1979,1967,1983,2014,1960,1951,2006,1985,1998,1983,1976,2012,2006,1953,1995,1997,1980,2014,1979,2016,1958,2021,2019,1955,1989,3,1,0,1,3,0,1996,1971,1979,1991,1988,2013,2008,1995,1955,1984,1955,2021,2005,1957,2007,1973,1965,1951,2007,2005,2019,2016,1971,1963,1964,1998,2015,1979,1966,2010,2016,1952,2013,1964,2008,2006,1999,2019,2024,2002,2024,2001,1961,2003,2009,2008,1996,1996,2022,1965,2018,2019,1976,2018,1965,1965,1990,2005,2017,2004,1990,2013,713,8982
610,84774,2,28.10.2024,98,2,2,05.09.2023,21.10.2024,1,88,7,8,5,1,0,2,8,45,75,84,64,97,88,0,14,1,5,4,1,43,5,True,1,False,2,0,4,0,2,1,0,0,1,1,0,0,1,0,1,2,2,2,2,2,1,0,1,0,1,0,2,0,1,0,1,2,0,2,2,1,1,2,1,2,2016,1983,1995,1982,1961,2003,1971,1993,1956,2022,2012,1978,1987,2014,1981,1950,2016,1959,2017,1992,2014,2012,2016,2017,1971,1962,1975,1958,2001,2012,1952,1962,1950,1971,1994,2009,2018,1968,2015,2018,1991,1972,1992,1991,1996,1984,2006,1954,1973,2024,1995,1997,1985,1985,2014,1963,2012,4,1,3,3,0,1,1982,2016,2006,1962,2003,1980,1988,1985,2014,2002,2024,1957,2019,1987,1983,1952,2021,1953,1991,1994,2010,1992,1995,1976,2005,2010,1965,1962,1983,1982,1992,1993,2011,2018,1981,2003,1999,1950,1959,2015,1989,1987,2018,1962,1990,2005,1976,1958,2012,1963,1953,2005,1991,2022,2024,1987,1983,1970,1993,2009,1993,1992,552,5693
610,4012,2,26.12.2023,98,0,2,10.07.2023,19.07.2023,0,60,4,4,2,2,1,1,15,51,72,45,59,3,12,82,24,2,6,2,2,41,3,False,2,True,0,2,1,3,0,1,1,2,0,1,2,0,1,2,0,1,2,1,1,0,2,1,1,2,2,2,1,2,1,1,0,2,0,1,0,1,1,2,2,1,2022,2010,1973,1972,1990,2015,2015,1952,2018,1967,1961,2017,1965,1981,2022,1961,1954,1967,1955,1974,2013,1972,2021,1969,1976,2007,2022,1989,1964,1989,1976,1996,1986,2020,1980,2020,2013,2011,2002,1958,1988,2009,2016,1976,1989,1951,1988,1961,1952,2000,1960,1954,1954,1967,2004,1978,1959,1,3,2,0,1,2,1953,2016,1959,2003,1958,2000,1966,2010,1995,1966,2014,1981,1964,2013,2016,1985,1954,2003,1953,2014,2011,1984,2004,1976,2013,1996,1957,1968,2020,1979,1969,1968,2012,2017,1984,1985,2007,2007,1982,2015,2000,1962,2015,1966,2017,2006,2009,1952,2022,1972,1967,1999,1999,2010,1980,1979,1989,1973,1951,1979,2021,1955,541,8876
610,45036,2,14.01.2023,98,0,0,07.12.2024,06.10.2024,1,48,6,0,3,6,2,1,0,2,84,96,28,11,42,47,97,2,4,5,0,3,4,True,2,False,5,2,6,2,0,0,0,2,2,0,1,1,1,2,1,2,0,2,1,2,0,1,1,0,2,0,0,1,0,2,0,0,1,1,0,1,0,0,2,2,1974,1978,1981,1960,1954,2015,1997,2005,2015,1951,2017,1990,1987,2023,2005,1973,1970,2001,1952,2022,1975,2021,1990,2014,1952,1975,1995,1971,1959,1967,1952,1969,1982,1979,1981,1957,1992,1957,1988,1993,1989,1950,1954,2000,1958,1990,1982,1950,2015,2009,1953,2018,2005,1970,2008,1987,1994,4,2,2,0,4,4,1954,1996,2009,1955,2007,2011,2013,1979,1966,1973,1975,2011,1951,2002,1973,1995,1967,1986,1998,2018,1973,1986,1961,2012,2024,1962,1996,1950,2000,2015,1994,1983,2016,2002,1959,1963,2023,1950,1969,1958,1998,1989,1970,1992,2000,1979,1968,2015,1958,1971,1987,2024,2022,1978,1990,1957,2007,2023,1985,1962,1997,1989,440,1744
610,79800,2,27.07.2023,98,1,2,14.06.2023,07.05.2023,1,89,4,9,3,5,0,0,18,14,42,2,77,13,47,44,22,1,5,0,1,10,4,True,2,False,4,1,1,6,0,0,0,0,1,1,1,1,0,1,1,1,2,1,0,0,1,2,1,0,1,2,1,2,2,1,2,2,1,1,1,0,2,0,1,1,1979,1954,1954,1961,1981,1953,2021,2010,1975,1974,2009,2017,2013,1967,1986,2012,1982,1952,1969,2015,1969,1992,2017,2000,2023,1958,1957,1960,1953,2013,2004,1954,1969,1953,1978,1956,1957,2007,2014,1962,1984,1980,2000,1969,1959,1956,1974,2021,2009,2004,1986,2017,1968,2010,1965,1993,1975,1,0,4,2,3,3,1998,1954,2003,1954,1964,1999,1988,1974,1950,1996,1999,2010,2003,1971,1993,2023,1961,2004,2008,1965,2007,2002,2004,1975,1958,2013,2012,2015,2017,1973,1991,1976,2010,1972,2010,1986,1966,1990,1994,1987,1965,1988,1969,1978,1955,1988,1952,1952,2018,1976,1967,2024,1997,1983,1981,2003,2007,1991,2012,1962,2016,2020,238,6099
610,15318,2,08.08.2023,98,0,2,19.12.2023,06.06.2024,0,96,5,12,4,1,0,0,4,28,77,19,53,52,9,84,2,1,3,0,2,14,5,True,1,False,4,0,2,6,2,0,2,1,1,2,2,1,0,0,0,1,0,1,2,1,0,2,2,0,0,1,0,0,1,2,0,2,1,2,2,0,2,0,0,1,2020,1988,1995,1983,1991,2019,1964,1986,1953,1979,2020,1952,2002,1966,1992,1993,2005,1951,1991,1952,1957,2013,1993,1992,2000,1964,1975,2017,1956,1984,1975,1990,1964,2007,1967,1988,2005,1967,1966,1980,1962,2022,2016,1983,1953,1968,1956,1967,2014,1956,1968,1972,2015,1982,2007,1973,1955,3,4,3,1,0,2,1985,1969,1997,2018,1974,2014,2024,1964,1981,1955,1970,2004,1965,2002,1977,1954,1958,1957,2015,2006,1982,2019,1992,2013,2001,2014,2010,1999,1979,1974,1951,1982,2014,1954,1957,1969,2005,2004,1955,1960,2004,1970,1979,2016,1980,1989,2008,2019,2008,1965,1976,1993,1988,2023,1988,1996,1975,1979,1993,1967,2015,2021,266,3917
610,77732,2,06.06.2024,98,1,0,31.08.2024,02.03.2024,1,69,2,11,6,5,2,0,13,51,60,25,11,93,13,89,70,2,5,3,1,16,0,True,2,False,0,1,3,0,2,0,2,2,0,2,0,0,1,2,2,1,1,2,0,0,1,0,2,2,1,2,1,1,0,0,2,0,0,1,2,1,0,1,1,0,1959,2008,1972,1980,2016,1982,1973,2019,2008,2007,1977,1993,2009,1966,1981,1994,2007,1951,1976,2016,1999,1995,1981,1986,1978,2001,2017,1977,1967,1985,1964,2018,1965,2023,1966,1996,2006,1974,1953,1964,1988,1992,2018,2019,2006,1999,2022,1979,1999,1965,1991,1976,1999,1995,2004,1983,2024,4,0,3,0,1,4,1989,1990,1977,2016,1980,1998,2019,1983,2010,2006,2015,2024,2019,2023,1973,2006,2011,1979,2018,1982,1968,2023,1980,1962,2009,2001,1959,1981,1972,2005,1999,1993,1970,1997,1998,2011,1988,1992,2021,1984,2021,1967,1996,2002,1997,1973,1955,1999,1958,1978,1971,2022,1971,1989,2021,2024,2020,1992,2013,2012,2020,2005,596,8326
610,93171,2,28.02.2023,98,1,2,28.01.2024,14.03.2023,3,75,7,1,0,4,1,0,9,88,14,12,81,28,72,36,9,2,0,3,1,13,0,True,1,True,4,0,6,5,0,2,2,1,2,1,1,0,0,1,2,2,1,2,0,1,1,2,0,0,1,2,2,0,0,0,0,1,1,2,1,2,1,0,0,1,2008,2012,2022,1999,1974,2016,1971,1988,1994,1993,1992,1976,1979,2014,1954,1985,2009,2001,1955,2000,1983,1972,1957,2004,2009,1959,1990,1984,2010,1979,1952,1984,1978,1976,1975,1990,1994,1965,2012,1988,1953,2012,2001,2021,1991,1970,2008,2001,1959,1982,2001,2005,1951,1998,2006,1986,1997,1,3,1,0,2,2,1957,1972,1974,2015,1966,1986,1982,2008,2023,1952,2024,1970,1960,1950,1977,1957,1959,2018,1971,1978,1999,2009,1963,2018,1980,2006,2002,1990,1990,2005,2000,1996,1984,2022,2000,1977,1996,1952,2013,1973,1952,2022,1997,1984,2022,2004,1982,1979,2000,1994,2019,2001,1976,2019,2000,1956,1970,1952,1988,2016,2024,2012,336,4992
610,130,2,31.07.2024,98,1,0,16.03.2024,28.07.2023,3,57,0,12,6,0,2,1,20,27,94,28,65,1,71,88,75,1,1,5,2,34,4,True,1,True,5,3,3,5,1,0,1,2,1,2,0,1,2,2,1,0,2,0,1,1,0,0,2,0,0,2,2,0,1,1,1,1,2,2,1,2,2,2,2,2,2021,2002,2010,1952,1962,1984,2009,1972,2016,2002,1999,1981,1974,1973,1962,2000,1988,1958,2018,1954,1966,1981,2024,1988,1971,2009,1965,1992,1999,2003,1976,1976,1965,2010,2008,1985,1967,1964,1961,1996,2012,1995,1967,2017,1999,2000,1996,1981,2009,2000,1972,1981,2019,1994,1973,1954,1990,3,0,0,2,3,0,2024,2007,1988,1952,2007,2008,1955,1981,2008,2005,1976,1982,1976,1969,2019,1979,1984,2022,2022,2008,1979,1993,2023,1950,1995,1989,2018,1990,1978,1984,1997,1961,2007,2016,1952,1970,2005,2005,1970,1967,1981,1998,1965,1997,1957,1990,1995,1986,2016,1969,1973,1994,2011,1974,1997,1958,1998,1977,1978,1960,1982,1988,570,3240
610,5453,2,06.06.2023,98,2,2,01.02.2023,09.03.2024,1,51,6,4,4,4,1,1,7,91,45,13,10,27,87,18,39,2,2,0,0,26,0,True,1,False,5,1,7,6,1,2,2,1,1,2,1,1,1,0,2,0,2,0,2,2,2,1,2,2,1,0,1,1,0,2,1,1,1,2,1,0,2,1,1,0,1983,2004,1958,1983,1951,1976,1954,1986,2003,1992,2013,2002,2009,1953,2010,1952,1985,2017,1997,2002,1982,1966,1951,2021,1963,2001,2010,1978,1989,2009,1967,1981,2012,1962,2019,1979,2004,2012,1967,2003,1995,1959,1998,1968,2011,2000,2011,1991,1966,1980,1991,1951,2000,1954,1975,1959,1974,1,2,1,4,1,4,1970,1950,2016,1975,2023,1975,1998,2009,2020,1990,1981,1998,1972,2004,1952,1974,1988,1977,2017,1981,1965,1971,2006,1977,1970,2008,1955,1982,2017,1952,1952,2002,2020,2017,2013,1981,2005,1996,2005,1975,1973,1997,2015,2018,2004,1953,1950,2004,1973,2024,2023,2010,1963,1964,1968,1991,1999,2005,1979,1979,2015,1996,971,3273
610,71171,2,10.02.2023,98,0,1,10.03.2024,16.03.2024,3,9,6,6,1,6,2,2,6,60,52,53,91,77,84,36,57,2,4,4,2,7,3,True,2,True,5,0,4,5,1,0,0,2,2,2,2,0,2,2,2,2,1,0,2,1,2,2,1,2,0,2,2,0,1,1,2,2,1,1,1,0,2,2,2,2,1991,1954,1967,1979,2013,2001,1976,1988,2013,2016,2017,1958,2011,1956,2006,1988,1992,1960,2006,1962,2024,1973,1987,1974,1966,1977,1997,1976,1950,2008,2023,2006,2023,2013,1959,1977,1981,2012,1950,1951,1954,1955,1989,2006,1950,1979,1980,1964,1983,2014,1964,1990,2001,2015,2005,1981,1999,0,0,0,4,2,3,1990,1959,2012,1998,1979,2010,1975,1982,1990,2014,2008,2021,2004,1995,1975,1981,2019,2018,1966,1967,1954,1951,1963,2019,2015,2014,1985,2022,1960,2011,1985,1977,2012,2010,1968,1964,2000,1998,2015,1970,2020,1998,1987,1959,2023,1994,1975,2017,2023,1963,1975,1990,2016,1986,2021,1991,2009,1993,1951,1956,2021,1987,268,5719
610,22728,2,12.01.2023,98,1,2,18.02.2024,16.01.2024,2,88,1,8,2,4,2,2,6,80,28,5,42,71,11,6,79,2,4,1,1,35,5,False,1,True,2,0,5,1,1,2,1,0,2,2,1,2,1,0,2,2,2,0,0,0,0,1,1,1,0,2,2,0,2,2,1,2,1,1,0,1,2,2,2,0,1995,2020,1987,1978,1976,2014,1977,2022,2011,2013,1972,2021,1963,2020,2013,1978,2005,1957,1957,2013,1967,2015,1957,2012,2021,1981,2022,1991,1987,1975,1973,1977,1975,1954,1968,1988,2004,1950,1996,1981,1980,2003,1960,1962,2001,1996,2005,1980,1994,2015,1979,1951,1952,2017,1990,1998,1998,4,1,4,3,4,4,2012,2019,2015,1970,1956,2006,1973,2023,1991,1993,1961,2023,2023,1962,1990,1984,1964,2008,1968,1993,2020,2021,1953,1960,2005,1995,1962,1975,2024,1970,2024,2000,1963,2017,1981,1991,1980,1975,2005,1952,2016,1982,1959,1975,1965,1961,1992,1953,1964,2014,2022,2023,1968,2013,1994,1961,1964,2014,1953,1950,1974,2015,220,2064
610,20550,2,24.03.2024,98,1,1,27.09.2023,06.11.2023,2,98,3,7,1,6,1,1,18,69,35,98,82,73,7,77,35,0,4,4,1,26,0,True,1,True,3,1,5,5,2,0,0,1,1,2,1,2,1,1,0,2,0,1,1,1,2,0,0,0,0,2,2,0,0,1,1,1,2,2,1,0,0,2,0,0,1999,1975,1981,2022,2000,1955,1999,2018,1993,1956,1992,2010,2024,1953,1995,2001,2000,1985,2002,1985,2011,1990,2007,2001,2002,1986,1954,2012,1979,1953,1979,1955,1968,1998,1994,1959,1950,1959,1995,1990,2023,1952,1950,2022,1963,1987,2002,1953,2015,2020,1999,2012,1971,1966,1956,2010,1988,0,2,3,1,2,1,2010,1959,2023,1975,1978,1984,2003,2003,2024,1983,2010,1953,2009,2011,1965,2020,1973,2009,2012,1994,1968,1958,1989,1979,1950,2021,1973,1965,1963,1987,1983,2017,2002,1955,1989,1971,2012,1980,1980,1956,1984,1997,2008,1960,1990,2011,1957,1980,1951,1996,1992,1996,1991,1990,1997,2023,1975,2019,1981,1955,1959,1966,158,3801
610,73186,2,25.05.2024,98,1,0,05.10.2023,06.12.2023,1,4,1,8,0,4,1,2,17,71,92,29,32,29,88,90,35,0,3,5,1,7,3,False,0,True,4,1,10,5,2,0,2,1,0,2,1,1,2,0,1,2,2,1,2,0,2,1,0,2,0,2,1,0,2,1,0,0,2,2,2,2,1,2,2,0,2010,1952,2014,2006,2017,1987,2009,1961,1951,1989,1978,2009,2018,1967,2002,1958,2014,2010,1985,2006,1988,2021,2022,1959,2001,2006,2019,1961,1968,1967,1958,1953,1975,1973,2000,1993,1976,1999,2014,1983,1958,1951,1957,1986,1971,1992,1969,2017,1989,1950,1987,1994,2007,1987,2006,1965,2023,1,3,2,0,4,4,1956,1955,2008,1987,1963,2003,1981,2007,1970,1971,1968,1984,2007,2007,1953,1960,2008,1961,2003,2010,1998,1983,2014,1979,2006,2013,2016,1965,1964,2004,1966,1950,2023,1997,1959,1973,1995,1997,1950,2000,1997,2002,2022,1978,2021,1952,2014,1981,2022,1975,1967,1999,2004,1974,1965,1981,1959,2001,2016,1965,2006,1978,27,3582
610,82440,2,14.06.2023,98,0,0,16.03.2023,02.05.2023,1,35,0,8,6,6,2,0,9,4,59,24,64,17,77,63,46,1,2,4,1,26,2,False,0,False,0,2,1,0,1,0,0,2,2,2,0,1,2,0,2,2,1,1,1,1,2,1,1,2,1,2,2,0,2,2,2,0,2,1,1,0,0,1,1,1,2000,1950,1994,1997,1956,1950,2022,1960,2009,1978,2017,1959,1953,2001,1993,1973,2019,2007,2013,1995,1992,1965,1975,1980,1960,1986,1965,2016,1988,1971,1983,1955,1969,1975,1984,2005,1953,2009,2004,1995,2000,1997,1997,2003,1985,1970,1951,1959,1963,1971,1986,1977,1963,1994,1979,2002,2011,2,2,4,1,2,4,1996,1963,1967,1956,1985,1960,1997,1983,2010,2013,2024,2022,2013,1990,1994,2011,1961,2023,2019,2010,2024,2012,1983,2005,2001,1981,1983,2003,1983,1987,2002,1980,2005,1963,1967,2013,1978,2013,1964,1964,1964,2012,1982,2009,1965,1987,2017,2009,1983,1985,1957,1981,2000,1956,2000,1971,2014,2007,1965,2010,2015,1962,426,436
610,53429,2,02.08.2023,98,1,2,15.05.2024,24.02.2024,2,58,3,10,3,2,0,1,11,29,21,95,84,31,56,6,65,0,6,5,1,9,4,False,1,False,3,0,5,6,1,2,0,0,2,2,1,1,1,2,2,1,2,2,2,1,1,0,2,0,2,0,2,1,2,2,1,0,0,2,0,2,1,0,1,1,2024,1961,1997,1990,1991,1981,2000,2005,1982,1964,1974,1979,2010,2001,2020,2010,1995,1973,1978,1975,2020,1962,2021,1985,1997,2011,1955,1958,1981,2013,1970,1985,1979,1973,2006,2019,1994,1976,1988,2018,1984,1964,1983,1972,2024,1965,2020,2015,2000,2009,1980,2006,1985,1966,1989,2013,2013,4,1,3,0,3,4,1964,1994,1958,2010,2001,1970,1950,2013,1980,2013,1998,1993,1974,2012,2024,1964,2012,2002,1997,1999,2020,1963,1988,1997,2012,1977,1999,1977,2008,1952,1996,1994,1954,1973,1968,1989,1978,1961,1952,2006,1965,1976,1976,2017,1999,1991,2011,1997,2023,1955,2022,2015,1963,1996,1952,1992,1983,1997,1950,1970,1996,1951,93,8646
610,46068,2,09.12.2023,98,0,1,29.06.2024,09.12.2024,1,61,1,5,6,5,1,1,2,9,77,59,18,76,63,83,92,2,0,0,1,11,3,True,2,False,1,2,0,3,1,2,1,0,1,0,2,2,2,0,2,1,2,1,2,0,0,1,0,2,0,1,1,2,1,2,0,2,0,1,2,0,2,1,1,2,1987,1975,2010,1965,1981,2016,2017,1996,2024,1984,1971,1975,1981,1952,1990,1964,2016,1971,1992,1982,1965,1976,2012,1960,2019,1984,1983,1965,1996,2000,1953,1974,1968,2001,2015,2008,1995,1978,2003,1961,1953,1992,1973,1965,1967,1989,2016,1979,1995,1957,1973,1984,1963,1998,2013,1981,1955,4,3,2,2,2,3,1964,1965,2004,2007,1962,1955,1958,2004,1955,2013,1965,2009,1950,2012,1993,2018,1976,1988,1951,2024,1983,1959,1977,1959,1954,2008,2005,2009,1991,1994,1978,2003,1991,1954,1956,1970,2008,1966,1994,1990,1978,2021,1986,1956,1989,2010,1973,2011,2005,1962,2009,2023,2009,2012,2003,1987,1950,2005,1997,1977,1985,1982,399,613
610,88734,2,12.03.2024,98,1,1,08.08.2023,18.07.2023,0,52,0,0,1,4,2,0,16,91,32,88,27,16,38,77,48,2,6,0,2,28,1,False,1,False,3,2,4,4,0,0,2,2,1,1,0,2,2,2,0,2,2,2,1,0,1,0,1,2,1,1,1,0,2,2,2,0,1,0,2,1,2,2,2,1,2015,1963,1959,1995,1988,2011,2014,1977,1962,1951,2014,2021,1996,1953,2018,1960,1965,1964,1981,1980,1974,1999,1983,1972,2004,2022,2019,1975,1992,2012,1973,1987,1970,1969,2022,1968,2015,1963,1984,1962,1972,2002,1989,1998,1984,2023,1958,1970,1961,1975,2005,1998,1998,1970,1951,1989,2023,0,2,4,0,4,4,1977,1991,1961,1957,1964,1989,1996,2021,1979,1954,1979,2023,1973,1961,1996,1954,1996,1959,1995,2011,1997,1989,1990,1976,1967,1986,1957,1965,1991,1959,1962,2006,1972,2021,1960,1966,2015,1967,1956,1965,1991,1989,1963,2013,1999,1964,2001,2023,1975,2016,1968,1958,1978,2022,2003,1981,1968,1972,1966,1993,2003,1955,833,2960
610,54944,2,07.10.2024,98,2,2,30.04.2023,15.07.2023,0,67,7,10,1,3,0,1,6,85,27,55,16,84,8,19,35,1,3,1,1,30,3,True,1,False,5,3,10,2,2,1,1,1,0,1,1,0,2,1,2,0,0,2,1,1,2,0,1,0,2,0,2,1,1,1,1,2,2,2,0,2,0,2,1,0,2023,1963,1976,2022,1980,2012,1966,1960,1964,1999,1988,2002,1989,2019,1972,1981,1997,1983,1987,2012,1996,1964,1970,1994,2003,1971,1950,1985,2018,1986,2017,2014,1978,1981,2010,1989,2005,1958,1965,2010,2013,1999,1977,1977,1972,1972,2007,1959,1990,1970,1960,1986,2011,1954,1982,1978,1951,3,1,1,3,3,4,2018,1980,1973,1965,1981,1971,2006,2020,2019,2001,1956,2004,1982,1995,1995,2000,1961,1956,2009,1993,2010,2016,1957,1962,1967,1979,2003,1985,2016,1956,1998,1969,1966,2014,1957,2005,1984,1968,1987,2022,1960,2012,2021,2009,1994,1998,1976,2015,1988,2001,1979,1985,1990,2004,1979,1951,1960,1962,1971,1966,1954,1952,94,7745
610,56684,2,08.04.2024,98,0,0,16.08.2024,22.05.2023,2,14,0,9,1,0,0,1,1,86,73,12,74,43,17,35,84,0,0,5,0,40,1,True,1,True,1,2,2,3,2,2,2,0,1,2,0,0,2,2,1,0,0,0,1,1,1,1,0,1,2,2,1,1,1,1,0,2,2,2,2,2,2,2,1,2,1986,1968,1986,2000,2021,1966,1989,1966,2004,1960,2010,2021,2013,1999,1965,1962,1977,1963,1957,1968,2023,2022,2016,1972,1960,1996,1997,1998,1950,1980,1972,1981,2018,1981,1963,2009,1976,1996,2022,2001,1971,2011,2021,1984,1984,1984,2019,2016,2008,2019,1992,1993,1983,1975,1993,1973,1974,2,0,1,1,1,2,1975,1994,1996,1977,1958,1955,1975,2003,1977,1995,1968,1982,1996,1983,2011,2022,2024,1963,1999,2011,1956,1976,1999,2005,1957,1989,2014,2014,1989,1995,1992,2012,2012,1977,1969,1970,1970,2001,1962,1968,1975,2021,2015,1977,1978,2022,2021,1963,1991,2007,2005,1977,1992,2023,1960,1951,1971,1958,1965,1974,1989,1982,147,3967
610,75883,2,15.08.2024,98,0,2,04.12.2024,09.03.2024,2,20,1,8,4,2,1,1,8,23,46,22,21,48,97,62,0,2,5,2,1,29,3,True,1,False,0,0,9,6,1,2,1,2,2,1,0,2,2,1,0,1,2,2,2,1,0,1,0,1,0,0,0,1,1,2,1,1,0,1,2,2,1,1,1,2,1960,1982,1955,1954,1964,1970,1994,1984,1969,1964,2024,1963,1969,1979,2018,2008,1979,1963,1977,1976,1961,2017,1986,1977,1966,1984,1953,2007,1955,1990,2018,2021,1951,2014,1972,1992,1971,1956,2018,1975,1996,1961,1990,1995,1953,2011,2003,1985,1950,2020,2019,1980,2024,1964,1987,1996,1984,4,0,3,4,4,1,1976,1975,1970,2011,2007,1995,1984,1998,1973,1959,2023,1968,2004,2020,2007,2009,2017,1983,2012,2023,2013,2005,2000,1952,2000,2023,1978,1992,2014,1998,1999,1959,1988,1969,1976,1969,1962,2023,1984,1950,1976,1981,2003,1953,2003,1970,1951,1975,2002,2011,1992,1999,1976,1987,2013,1983,1966,1993,1984,1971,1995,2003,578,1123
610,85843,2,30.07.2024,98,1,2,30.08.2024,22.09.2024,3,68,6,1,6,1,2,1,0,68,97,16,89,75,8,76,48,0,6,3,0,14,0,True,1,False,5,0,6,2,0,2,0,2,0,2,1,2,1,2,0,0,2,0,1,2,0,0,2,0,1,0,1,2,0,2,1,2,0,0,0,0,1,1,0,0,1996,2021,2015,1955,2012,1992,2011,1988,1973,1951,2002,1995,1973,1961,1987,2007,2000,2002,1997,1987,2006,2018,1982,1955,1980,1983,1983,1952,1966,2003,1962,1973,1993,1975,1986,1984,1968,2011,1987,1995,1980,1968,2013,1984,1975,2006,1981,1952,2007,1954,2010,2002,1963,1996,2006,1996,2005,2,2,2,0,2,0,1995,1958,1979,1955,1984,1998,1958,1965,1959,1978,2005,1984,1996,2015,1954,1953,2000,1984,1951,1989,2022,1953,1963,1953,1964,2023,2009,1973,2015,1983,1980,1978,1979,1992,1976,1953,1992,2002,1956,2013,1967,1989,2019,2023,1967,2003,1957,1992,1973,1997,2024,1972,2019,1975,1994,1983,1961,1961,2020,1986,2013,1986,882,3953
610,38051,2,02.06.2024,98,1,1,20.11.2023,04.02.2023,3,32,0,5,4,1,2,1,19,25,35,41,18,6,68,28,10,2,4,0,0,23,3,False,0,True,5,2,8,3,1,0,1,1,2,0,1,2,1,2,0,1,1,1,0,2,0,1,1,2,2,0,2,0,1,0,1,1,0,2,2,2,1,0,0,0,2013,2009,1989,1999,1978,1953,1956,2003,2004,1990,1955,2013,1960,1963,1984,1964,2016,1987,1965,1966,2011,2011,2017,2022,1987,1962,2023,2003,1959,1955,1979,1965,1987,1990,1985,2023,1976,1978,2012,1967,2017,1999,1971,2010,1969,2017,2023,1992,2000,1988,1959,1961,2020,2019,1998,1986,1973,4,3,4,3,1,4,1959,1964,1950,1973,1973,1997,2002,1985,2014,2018,1951,1958,2016,1987,1979,1961,2023,2008,2021,1952,1967,2019,2000,1967,2008,2020,1998,2015,1955,2003,2001,1993,1989,1990,1967,1973,2013,2020,1959,1999,1958,2012,1975,1963,1997,1970,2002,1978,1987,1953,1954,1985,2005,1969,2003,1951,1996,1994,2011,2003,1971,1979,439,6841
610,68608,2,16.01.2023,98,1,0,29.11.2023,07.09.2023,2,71,7,3,1,3,0,0,9,16,0,49,19,11,39,63,9,2,0,5,0,5,3,False,2,False,5,0,5,5,1,1,1,1,1,2,0,2,1,0,2,0,1,1,0,1,1,1,2,2,1,1,2,2,2,1,2,2,1,2,2,0,0,1,1,2,1997,2004,1971,1986,2014,1971,1978,1999,1960,1998,1999,1952,1977,2008,1989,1994,2017,2019,1994,1976,1964,1967,2012,2017,1964,1988,2016,1953,1985,2013,2008,1968,2003,1987,1954,1994,1999,1991,2020,1962,1968,1965,1974,1992,1961,1974,1969,1998,2011,1973,1975,1998,2000,2021,1970,1975,2024,0,3,1,0,4,3,2003,1960,1988,1956,2010,2006,2022,1973,2002,2023,1981,1984,1980,1988,1954,1960,2020,1979,1958,1981,1978,1971,2002,1992,1960,2017,1965,2000,2008,2010,1976,2009,2007,1959,2013,1953,1959,2006,1984,1985,2005,1957,2008,1970,2002,1985,1974,1974,2013,1976,1968,2019,1975,1985,2000,2022,1992,2003,1955,2014,1963,1984,370,4289
610,11169,2,14.09.2024,98,2,1,17.09.2023,30.06.2023,0,10,1,3,2,5,0,1,12,30,19,92,63,60,93,37,76,0,1,1,2,33,2,True,1,True,4,2,1,1,2,1,2,1,0,2,2,2,2,2,1,2,2,2,1,0,2,1,2,1,1,2,0,0,0,1,2,1,2,0,0,1,2,2,0,2,1967,1960,2024,1953,2011,1955,1951,1959,2019,1952,2015,1969,1983,1971,1984,2009,1975,1959,1996,2003,1959,1978,1963,2017,1954,1963,1959,2015,2001,2020,1975,2009,1976,1961,1990,2006,1984,1978,1970,1956,1980,1993,2020,1979,1978,2010,1972,1982,2001,1975,1972,1981,2014,1952,1966,2017,1959,4,4,2,0,0,1,1953,1953,1964,2023,2004,1981,1978,2001,2013,1981,1970,1953,2004,1957,1998,1994,1993,2003,2012,2022,2019,1975,1983,1950,1992,1952,2003,1989,2002,2005,1990,1996,2003,2004,1996,1990,2011,1985,1960,1970,1973,1975,1989,1975,2019,1957,1967,1963,1993,2011,1957,1980,1965,1992,1956,1964,2019,1983,2005,1994,1968,1971,923,9560
610,54013,2,11.12.2023,98,1,1,26.06.2024,09.12.2024,3,34,7,12,4,5,0,1,13,55,93,33,36,59,63,46,41,1,5,5,2,12,2,True,0,False,1,3,2,4,1,2,1,0,0,2,1,0,2,2,1,0,2,1,0,1,0,2,0,0,2,1,0,2,2,1,1,2,0,1,1,1,2,2,0,2,2019,1990,2016,1976,1979,1983,1983,2023,2005,1954,2014,1951,2020,1960,2020,1951,1960,1995,2021,1975,1975,2022,1953,2017,1995,1988,2001,2007,1968,1966,2007,1966,1998,2022,1952,1963,2023,1999,2017,1995,1964,1991,2022,1986,1959,1974,2013,1975,1999,2024,2004,1975,2023,1984,1978,1961,1964,3,4,3,2,0,0,2019,2014,2007,1992,1970,2020,1978,1969,1989,1972,1978,1983,1999,1991,1988,1963,1997,1951,2009,2006,1952,1992,1956,2008,1956,1990,2007,1954,1987,1986,2011,1990,1990,1961,1970,1958,1958,2004,2016,2013,2006,1988,1958,1978,1963,1983,1980,2023,1957,2005,1971,2024,2003,1960,1996,1997,1962,2014,1952,1975,2003,1994,826,3140
610,40426,2,20.05.2024,98,0,0,09.04.2023,06.08.2023,3,86,0,7,5,0,0,0,5,4,74,85,87,12,41,41,28,2,6,1,0,35,3,False,0,True,5,1,1,1,1,2,2,0,1,0,1,1,0,2,1,2,0,2,2,2,2,0,0,2,1,1,2,0,1,1,1,0,0,1,0,0,1,1,1,0,1965,1963,2021,1996,1969,1950,1952,1982,1953,1971,2000,1992,1969,1972,1973,1989,1965,1982,2003,1991,1992,1973,1950,1992,2003,2021,1991,1998,1951,1964,1969,1953,1954,1966,2020,1961,1995,1962,1994,1987,1967,1953,1954,2018,1987,2022,1972,1974,1999,1971,2021,1961,1983,1980,2014,1988,1985,0,4,1,0,1,0,1962,1978,1969,1991,1983,1992,2020,2017,2013,1977,2008,1957,1965,1956,1996,1968,1956,1978,1998,1984,1984,1980,1991,2003,1984,1984,1958,1988,2005,1985,2004,1954,1975,1985,1976,1965,2004,1969,1982,2019,2001,1976,1951,1960,2016,1968,1971,2020,1977,2017,1991,2008,2007,2010,2020,2005,2002,1966,1980,1978,1993,1951,252,3924
610,79186,2,22.10.2023,98,1,1,06.11.2023,12.04.2024,2,70,4,12,0,5,1,1,17,13,17,58,25,45,43,7,17,0,2,0,2,36,4,True,0,False,5,3,0,6,0,0,0,1,2,1,1,1,1,2,0,2,2,1,0,2,2,0,2,1,0,1,1,2,1,1,1,0,0,2,1,1,2,2,0,1,2005,2013,2017,1976,1991,1960,2018,1976,2001,1959,1996,2008,2014,1995,1980,1986,1968,1954,1974,2018,2004,1999,1954,1998,1980,1984,2014,1998,1960,2022,1975,2009,2001,1974,2011,1974,1979,1965,2023,1973,1973,1988,1990,1968,1976,1950,2024,1958,2021,1991,1966,1950,2023,2001,1952,2001,1997,1,1,4,1,2,1,1953,1958,1992,1984,1964,1964,1966,2017,1998,1960,1966,1990,1964,2004,1992,1976,2023,1951,1974,2002,1984,1987,1994,1993,1957,2022,1972,1955,1971,1983,1971,1951,1952,2015,1967,1984,1981,2024,1988,2006,1960,1971,2021,1959,1961,1985,2007,2000,1992,1983,1985,1975,1952,1981,2002,1962,1978,2011,2024,2013,1996,1963,931,5363
610,67344,2,24.05.2024,98,0,2,19.08.2024,25.05.2023,3,30,3,0,3,3,0,1,18,94,91,78,49,38,10,97,60,2,0,2,0,7,5,False,2,True,3,0,2,5,0,2,1,2,0,0,2,1,2,0,1,1,0,2,1,0,1,2,2,0,0,1,0,2,1,0,0,0,2,2,2,0,0,2,1,1,1991,1966,1952,1980,1969,1988,1963,1967,1987,2005,2005,1958,1985,1997,1966,1990,2011,1999,1952,1951,1954,1991,1959,2001,1958,1957,2020,1992,1950,2021,2014,2002,2024,1992,1952,1997,2015,2021,1971,2014,2010,1987,1980,1991,1998,1987,2005,1990,1957,1968,1981,1980,1950,1978,1996,2002,2020,3,4,4,2,4,3,1961,2003,1983,1958,1992,2002,1959,1967,1959,2010,2005,1981,1993,1959,1977,2007,1971,1958,1971,1979,1958,1971,1953,2003,1963,2004,1954,1962,1986,2023,1956,1963,1966,2016,1967,1986,1984,1974,1963,1998,1972,2021,1954,1967,2004,2024,2015,1955,2000,1960,2019,2022,1974,2014,2011,1967,1972,1954,1971,1992,1971,1965,205,7161
610,67959,2,19.06.2024,98,0,1,17.08.2023,25.03.2024,0,45,2,2,3,4,2,2,14,61,28,16,71,69,0,3,90,1,1,5,0,41,1,True,0,True,0,3,8,4,1,1,2,1,2,2,1,0,2,0,0,2,0,0,1,1,0,2,2,0,2,1,2,1,1,2,2,1,2,2,2,1,0,0,1,2,1975,1953,2002,2016,2016,1986,2010,1953,1965,1968,1980,2005,2001,1952,1954,1994,2016,1969,2012,1971,1955,1988,1950,1982,1977,2004,1962,1976,2002,1998,1981,1970,1998,1985,1979,2013,1984,1963,2015,1991,1996,1983,2024,2021,2013,2023,1984,1956,1981,1989,1950,1953,1972,1993,2015,2006,1973,4,2,3,4,4,1,1965,1967,1968,1997,1950,1991,1958,1993,2020,1958,1993,1995,1953,1954,2008,2012,2017,2021,1954,2011,2008,2015,1997,1963,1990,1954,2024,1959,1966,1965,1956,1972,1960,1954,2021,1973,1982,1957,2006,2022,1986,1956,1978,1976,1965,1994,2011,2023,1970,1999,1976,2024,1966,2013,2001,1995,1986,1994,1990,1979,1985,2015,329,1485
610,12377,2,20.12.2024,98,1,1,02.10.2024,22.10.2023,1,20,7,5,6,3,1,1,16,19,72,58,56,88,62,19,95,1,6,5,0,3,0,False,1,False,0,3,9,0,1,1,1,0,2,2,2,0,1,1,2,2,2,1,0,1,0,2,1,2,0,1,2,1,2,2,0,2,0,0,2,1,0,2,1,0,1987,1955,1985,1974,2024,2011,2015,1980,2014,1984,1978,1954,2009,1995,2012,2003,2021,2015,2003,1969,2015,2003,2009,1978,1972,1998,1968,1976,2005,1973,1995,1966,1975,1956,1985,1965,1977,2011,1953,2015,1991,1964,2008,1959,2004,1993,1950,1971,1960,1980,1966,2013,2013,1954,1994,1963,1961,4,1,2,4,1,3,1987,1994,1950,1950,2018,1984,1982,1985,2020,2006,2003,2010,2003,2008,1953,1950,1952,1977,1957,1980,1964,1988,1996,1963,2006,1997,2010,1967,2023,1957,2018,1986,1969,1988,1986,2002,2009,2003,2000,2015,2001,1954,2010,1964,2000,1961,2020,1987,2007,2017,2021,1978,1974,1993,2020,1979,1992,1950,1986,1969,1966,1985,893,7604
610,47970,2,13.07.2024,98,1,2,30.05.2024,04.09.2023,3,66,3,1,0,5,1,1,11,44,81,52,91,12,63,69,47,1,6,4,0,19,3,False,2,False,5,1,10,3,0,1,2,0,1,1,0,2,0,2,0,0,2,0,1,0,1,0,0,1,2,1,0,1,2,1,2,2,2,2,2,1,1,1,2,2,1989,1987,1966,2001,2010,1956,2005,2002,1991,2007,1975,2001,1951,1996,2011,1957,1979,2010,2016,2013,1965,1991,2012,1959,1982,1972,1967,1951,1978,1952,2017,1976,1997,1954,2000,2003,1992,1960,2007,1988,1999,2020,1962,1973,1972,1986,1981,1959,1979,1989,1979,1968,1985,1953,1972,1982,1964,3,0,0,2,3,4,2024,2014,1989,1987,2023,1980,2010,2002,1987,1952,1982,1970,1997,2002,1960,2015,1950,1997,1972,1954,1964,2015,1971,2016,1992,1988,1995,1957,1987,2001,1981,1950,1963,2001,1982,1950,1996,1980,2020,2006,1984,1954,1951,1992,1977,1978,1956,1971,1996,2023,1974,1968,1990,1953,1950,1992,2010,1954,1986,1988,1965,1954,540,5614
610,20993,2,25.09.2024,98,2,1,31.03.2023,01.09.2024,1,65,4,11,6,5,2,1,1,90,17,24,0,11,74,61,43,0,3,2,0,1,4,False,1,False,4,2,6,0,1,0,0,0,0,0,1,0,2,0,2,2,2,2,0,2,1,0,0,2,1,2,1,2,2,2,1,1,0,0,1,0,0,1,1,2,1993,1954,1995,2009,1966,1956,2014,1957,1953,1957,1975,1969,1962,2017,1954,1954,1978,1966,1963,2021,1952,1992,2011,1989,2003,1964,1962,1972,1953,1980,2018,1955,1987,1986,1965,2006,1951,1955,1993,2024,1985,2006,1998,1992,1965,1951,1995,2021,1950,1999,2023,2019,1992,2016,2017,1976,1975,2,4,0,0,0,3,1983,1970,1960,1991,1974,1982,1972,1975,2002,2020,1973,1994,1973,1955,2017,1990,1970,1971,1986,1976,1953,2019,1974,2012,1977,1983,2021,1968,2005,2014,1967,2023,2021,1975,2005,2002,1980,2020,2014,1958,1993,1953,1957,1977,1978,1976,1985,1984,1962,1967,2011,2010,1966,2013,1967,1982,2005,2002,1993,1965,1980,1996,941,8778
610,55084,2,12.04.2024,98,0,1,06.06.2024,24.05.2023,1,58,2,0,6,6,0,1,6,31,81,95,52,25,71,85,27,2,3,5,1,41,4,False,2,True,0,1,3,1,1,0,0,2,0,0,1,1,0,0,0,2,2,1,1,1,1,2,1,2,2,1,2,2,0,2,1,0,1,0,2,1,2,2,2,2,1979,1982,1951,2008,1967,1999,1953,2006,1955,2004,1974,1992,1955,1975,1978,1990,1983,1997,1984,2024,1965,2018,1980,1990,2006,1965,1958,1951,1976,2019,1961,1954,1986,1972,2017,1964,1968,1982,2018,1953,2017,1971,2014,1990,2004,1977,1995,1950,1955,2021,2017,2010,1997,1979,1971,1997,2009,4,2,3,3,1,4,1980,1997,2013,1997,2014,1994,2013,1968,1954,1961,2015,1967,1978,2012,1978,1994,1988,1983,1971,1982,1950,2012,1956,2024,2000,2012,1962,1962,1990,1955,1951,1998,1991,1992,1981,1993,2009,1959,2009,2000,2012,1954,1995,1955,2022,2014,1963,1960,2018,2003,1971,1990,2007,1982,1973,2016,1997,1956,2022,1957,1987,2005,720,5310
610,51053,2,14.08.2024,98,1,2,30.07.2023,01.06.2023,1,82,6,5,6,5,0,0,5,48,80,28,55,66,70,42,61,1,5,0,2,18,4,False,1,True,0,2,2,6,1,1,1,0,0,0,1,1,1,1,2,1,2,0,2,2,1,0,1,0,2,2,2,1,1,0,2,0,2,2,0,1,1,1,0,2,2005,1991,2003,1981,1982,1958,2021,1991,1969,1965,1972,1960,1973,1978,1959,1986,2020,2008,2013,2024,2024,1994,1966,1981,1995,2002,1970,2019,1999,1975,2017,1969,1950,1963,1993,1987,2017,1993,1975,1998,2018,1953,1968,1979,1995,1974,1996,1955,1986,1990,1985,1982,2024,1986,1996,2006,1999,1,3,2,1,3,3,1983,1971,2007,2021,1989,2014,1984,1973,2009,1964,1997,2015,1994,1985,1991,1985,2011,2014,2015,1984,1991,2008,2022,1991,1972,1956,1964,1962,2008,1986,1975,1971,2005,1965,1963,2008,2015,1978,1950,2009,1991,1984,1965,1992,1985,1969,2010,1984,2006,1970,1973,2015,2013,1991,2004,2007,1954,2011,2015,2002,1970,1970,41,4772
